-- phpMyAdmin SQL Dump
-- version 4.1.6
-- http://www.phpmyadmin.net
--
-- Host: 127.0.0.1
-- Generation Time: Jan 24, 2015 at 10:42 PM
-- Server version: 5.6.16
-- PHP Version: 5.5.9

SET SQL_MODE = "NO_AUTO_VALUE_ON_ZERO";
SET time_zone = "+00:00";


/*!40101 SET @OLD_CHARACTER_SET_CLIENT=@@CHARACTER_SET_CLIENT */;
/*!40101 SET @OLD_CHARACTER_SET_RESULTS=@@CHARACTER_SET_RESULTS */;
/*!40101 SET @OLD_COLLATION_CONNECTION=@@COLLATION_CONNECTION */;
/*!40101 SET NAMES utf8 */;

--
-- Database: `online_exam`
--

-- --------------------------------------------------------

--
-- Table structure for table `admins`
--

CREATE TABLE IF NOT EXISTS `admins` (
  `user_name` varchar(200) NOT NULL,
  `password` varchar(50) NOT NULL,
  `name` varchar(200) NOT NULL,
  `hints` varchar(200) NOT NULL
) ENGINE=InnoDB DEFAULT CHARSET=utf8;

--
-- Dumping data for table `admins`
--

INSERT INTO `admins` (`user_name`, `password`, `name`, `hints`) VALUES
('admin', '1', 'Dr:.........', 'none');

-- --------------------------------------------------------

--
-- Table structure for table `current_exam`
--

CREATE TABLE IF NOT EXISTS `current_exam` (
  `id_exam` int(11) NOT NULL,
  `no-q-t-f` int(11) NOT NULL,
  `no-q-m-c-q` int(11) NOT NULL,
  `time` int(11) NOT NULL,
  `range` int(11) NOT NULL,
  `enable` int(1) NOT NULL,
  `end_time` time NOT NULL,
  PRIMARY KEY (`id_exam`)
) ENGINE=InnoDB DEFAULT CHARSET=utf8;

--
-- Dumping data for table `current_exam`
--

INSERT INTO `current_exam` (`id_exam`, `no-q-t-f`, `no-q-m-c-q`, `time`, `range`, `enable`, `end_time`) VALUES
(1, 3, 3, 1, 100, 1, '00:00:00');

-- --------------------------------------------------------

--
-- Table structure for table `exam`
--

CREATE TABLE IF NOT EXISTS `exam` (
  `id_exam` int(11) NOT NULL,
  `no-q-t-f` int(11) NOT NULL,
  `no-q-m-c-q` int(11) NOT NULL,
  `time` time NOT NULL
) ENGINE=InnoDB DEFAULT CHARSET=utf8;

-- --------------------------------------------------------

--
-- Table structure for table `history`
--

CREATE TABLE IF NOT EXISTS `history` (
  `id_student` int(11) NOT NULL,
  `id_exam` int(11) NOT NULL,
  `id_question` int(11) NOT NULL,
  `type_question` int(11) NOT NULL,
  `choise` varchar(1) DEFAULT NULL,
  `degree` double NOT NULL
) ENGINE=InnoDB DEFAULT CHARSET=utf8;

--
-- Dumping data for table `history`
--

INSERT INTO `history` (`id_student`, `id_exam`, `id_question`, `type_question`, `choise`, `degree`) VALUES
(2, 1, 32, 0, '', 0),
(2, 1, 17, 0, '', 0),
(2, 1, 52, 0, '', 0),
(2, 1, 32, 1, '', 0),
(2, 1, 17, 1, '', 0),
(2, 1, 52, 1, '', 0),
(1, 1, 39, 0, '', 0),
(1, 1, 50, 0, '', 0),
(1, 1, 27, 0, '', 0),
(1, 1, 39, 1, '', 0),
(1, 1, 50, 1, '', 0),
(1, 1, 27, 1, '', 0),
(1, 1, 3, 0, '1', 2),
(1, 1, 51, 0, '3', 0),
(1, 1, 54, 0, '1', 2),
(1, 1, 3, 1, '1', 2),
(1, 1, 51, 1, '0', 0),
(1, 1, 54, 1, '0', 0),
(1, 1, 91, 0, '1', 2),
(1, 1, 15, 0, '1', 2),
(1, 1, 74, 0, '4', 0),
(1, 1, 91, 1, '1', 2),
(1, 1, 15, 1, '1', 2),
(1, 1, 74, 1, '0', 0),
(1, 1, 21, 0, '1', 2),
(1, 1, 15, 0, '1', 2),
(1, 1, 83, 0, '1', 2),
(1, 1, 21, 1, '0', 0),
(1, 1, 15, 1, '1', 2),
(1, 1, 83, 1, '1', 2),
(1, 1, 65, 0, '1', 2),
(1, 1, 79, 0, '4', 0),
(1, 1, 61, 0, '1', 2),
(1, 1, 65, 1, '0', 0),
(1, 1, 79, 1, '1', 2),
(1, 1, 61, 1, '0', 0);

-- --------------------------------------------------------

--
-- Table structure for table `mcq_questions`
--

CREATE TABLE IF NOT EXISTS `mcq_questions` (
  `id_question` int(11) NOT NULL,
  `question` varchar(500) NOT NULL,
  `choise-1` varchar(200) NOT NULL,
  `choise-2` varchar(200) NOT NULL,
  `choise-3` varchar(200) NOT NULL,
  `choise-4` varchar(200) NOT NULL,
  `answer` int(11) NOT NULL,
  `degree` double NOT NULL,
  PRIMARY KEY (`id_question`)
) ENGINE=InnoDB DEFAULT CHARSET=utf8;

--
-- Dumping data for table `mcq_questions`
--

INSERT INTO `mcq_questions` (`id_question`, `question`, `choise-1`, `choise-2`, `choise-3`, `choise-4`, `answer`, `degree`) VALUES
(0, 'lol', 'a', 's', 'd', 'f', 1, 2),
(1, 'what is your national ?', 'w', 'e', 'r', 't', 1, 2),
(2, 'what is your age ?', '3', '4', '5', '6', 1, 2),
(3, 'ash3', 'w', 'e', 'r', 't', 1, 2),
(4, 'ash4', 'w', 'e', 'r', 't', 1, 2),
(5, 'ash5', 'w', 'e', 'r', 't', 1, 2),
(6, 'ash6', 'w', 'e', 'r', 't', 1, 2),
(7, 'ash7', 'w', 'e', 'r', 't', 1, 2),
(8, 'ash8', 'w', 'e', 'r', 't', 1, 2),
(9, 'ash9', 'w', 'e', 'r', 't', 1, 2),
(10, 'ash10', 'w', 'e', 'r', 't', 1, 2),
(11, 'ash11', 'w', 'e', 'r', 't', 1, 2),
(12, 'ash12', 'w', 'e', 'r', 't', 1, 2),
(13, 'ash13', 'w', 'e', 'r', 't', 1, 2),
(14, 'ash14', 'w', 'e', 'r', 't', 1, 2),
(15, 'ash15', 'w', 'e', 'r', 't', 1, 2),
(16, 'ash16', 'w', 'e', 'r', 't', 1, 2),
(17, 'ash17', 'w', 'e', 'r', 't', 1, 2),
(18, 'ash18', 'w', 'e', 'r', 't', 1, 2),
(19, 'ash19', 'w', 'e', 'r', 't', 1, 2),
(20, 'ash20', 'w', 'e', 'r', 't', 1, 2),
(21, 'ash21', 'w', 'e', 'r', 't', 1, 2),
(22, 'ash22', 'w', 'e', 'r', 't', 1, 2),
(23, 'ash23', 'w', 'e', 'r', 't', 1, 2),
(24, 'ash24', 'w', 'e', 'r', 't', 1, 2),
(25, 'ash25', 'w', 'e', 'r', 't', 1, 2),
(26, 'ash26', 'w', 'e', 'r', 't', 1, 2),
(27, 'ash27', 'w', 'e', 'r', 't', 1, 2),
(28, 'ash28', 'w', 'e', 'r', 't', 1, 2),
(29, 'ash29', 'w', 'e', 'r', 't', 1, 2),
(30, 'ash30', 'w', 'e', 'r', 't', 1, 2),
(31, 'ash31', 'w', 'e', 'r', 't', 1, 2),
(32, 'ash32', 'w', 'e', 'r', 't', 1, 2),
(33, 'ash33', 'w', 'e', 'r', 't', 1, 2),
(34, 'ash34', 'w', 'e', 'r', 't', 1, 2),
(35, 'ash35', 'w', 'e', 'r', 't', 1, 2),
(36, 'ash36', 'w', 'e', 'r', 't', 1, 2),
(37, 'ash37', 'w', 'e', 'r', 't', 1, 2),
(38, 'ash38', 'w', 'e', 'r', 't', 1, 2),
(39, 'ash39', 'w', 'e', 'r', 't', 1, 2),
(40, 'ash40', 'w', 'e', 'r', 't', 1, 2),
(41, 'ash41', 'w', 'e', 'r', 't', 1, 2),
(42, 'ash42', 'w', 'e', 'r', 't', 1, 2),
(43, 'ash43', 'w', 'e', 'r', 't', 1, 2),
(44, 'ash44', 'w', 'e', 'r', 't', 1, 2),
(45, 'ash45', 'w', 'e', 'r', 't', 1, 2),
(46, 'ash46', 'w', 'e', 'r', 't', 1, 2),
(47, 'ash47', 'w', 'e', 'r', 't', 1, 2),
(48, 'ash48', 'w', 'e', 'r', 't', 1, 2),
(49, 'ash49', 'w', 'e', 'r', 't', 1, 2),
(50, 'ash50', 'w', 'e', 'r', 't', 1, 2),
(51, 'ash51', 'w', 'e', 'r', 't', 1, 2),
(52, 'ash52', 'w', 'e', 'r', 't', 1, 2),
(53, 'ash53', 'w', 'e', 'r', 't', 1, 2),
(54, 'ash54', 'w', 'e', 'r', 't', 1, 2),
(55, 'ash55', 'w', 'e', 'r', 't', 1, 2),
(56, 'ash56', 'w', 'e', 'r', 't', 1, 2),
(57, 'ash57', 'w', 'e', 'r', 't', 1, 2),
(58, 'ash58', 'w', 'e', 'r', 't', 1, 2),
(59, 'ash59', 'w', 'e', 'r', 't', 1, 2),
(60, 'ash60', 'w', 'e', 'r', 't', 1, 2),
(61, 'ash61', 'w', 'e', 'r', 't', 1, 2),
(62, 'ash62', 'w', 'e', 'r', 't', 1, 2),
(63, 'ash63', 'w', 'e', 'r', 't', 1, 2),
(64, 'ash64', 'w', 'e', 'r', 't', 1, 2),
(65, 'ash65', 'w', 'e', 'r', 't', 1, 2),
(66, 'ash66', 'w', 'e', 'r', 't', 1, 2),
(67, 'ash67', 'w', 'e', 'r', 't', 1, 2),
(68, 'ash68', 'w', 'e', 'r', 't', 1, 2),
(69, 'ash69', 'w', 'e', 'r', 't', 1, 2),
(70, 'ash70', 'w', 'e', 'r', 't', 1, 2),
(71, 'ash71', 'w', 'e', 'r', 't', 1, 2),
(72, 'ash72', 'w', 'e', 'r', 't', 1, 2),
(73, 'ash73', 'w', 'e', 'r', 't', 1, 2),
(74, 'ash74', 'w', 'e', 'r', 't', 1, 2),
(75, 'ash75', 'w', 'e', 'r', 't', 1, 2),
(76, 'ash76', 'w', 'e', 'r', 't', 1, 2),
(77, 'ash77', 'w', 'e', 'r', 't', 1, 2),
(78, 'ash78', 'w', 'e', 'r', 't', 1, 2),
(79, 'ash79', 'w', 'e', 'r', 't', 1, 2),
(80, 'ash80', 'w', 'e', 'r', 't', 1, 2),
(81, 'ash81', 'w', 'e', 'r', 't', 1, 2),
(82, 'ash82', 'w', 'e', 'r', 't', 1, 2),
(83, 'ash83', 'w', 'e', 'r', 't', 1, 2),
(84, 'ash84', 'w', 'e', 'r', 't', 1, 2),
(85, 'ash85', 'w', 'e', 'r', 't', 1, 2),
(86, 'ash86', 'w', 'e', 'r', 't', 1, 2),
(87, 'ash87', 'w', 'e', 'r', 't', 1, 2),
(88, 'ash88', 'w', 'e', 'r', 't', 1, 2),
(89, 'ash89', 'w', 'e', 'r', 't', 1, 2),
(90, 'ash90', 'w', 'e', 'r', 't', 1, 2),
(91, 'ash91', 'w', 'e', 'r', 't', 1, 2),
(92, 'ash92', 'w', 'e', 'r', 't', 1, 2),
(93, 'ash93', 'w', 'e', 'r', 't', 1, 2),
(94, 'ash94', 'w', 'e', 'r', 't', 1, 2),
(95, 'ash95', 'w', 'e', 'r', 't', 1, 2),
(96, 'ash96', 'w', 'e', 'r', 't', 1, 2),
(97, 'ash97', 'w', 'e', 'r', 't', 1, 2),
(98, 'ash98', 'w', 'e', 'r', 't', 1, 2),
(99, 'ash99', 'w', 'e', 'r', 't', 1, 2),
(100, 'ash100', 'w', 'e', 'r', 't', 1, 2),
(101, 'ash101', 'w', 'e', 'r', 't', 1, 2),
(102, 'ash102', 'w', 'e', 'r', 't', 1, 2),
(103, 'ash103', 'w', 'e', 'r', 't', 1, 2),
(104, 'ash104', 'w', 'e', 'r', 't', 1, 2),
(105, 'ash105', 'w', 'e', 'r', 't', 1, 2),
(106, 'ash106', 'w', 'e', 'r', 't', 1, 2),
(107, 'ash107', 'w', 'e', 'r', 't', 1, 2),
(108, 'ash108', 'w', 'e', 'r', 't', 1, 2),
(109, 'ash109', 'w', 'e', 'r', 't', 1, 2),
(110, 'ash110', 'w', 'e', 'r', 't', 1, 2),
(111, 'ash111', 'w', 'e', 'r', 't', 1, 2),
(112, 'ash112', 'w', 'e', 'r', 't', 1, 2),
(113, 'ash113', 'w', 'e', 'r', 't', 1, 2),
(114, 'ash114', 'w', 'e', 'r', 't', 1, 2),
(115, 'ash115', 'w', 'e', 'r', 't', 1, 2),
(116, 'ash116', 'w', 'e', 'r', 't', 1, 2),
(117, 'ash117', 'w', 'e', 'r', 't', 1, 2),
(118, 'ash118', 'w', 'e', 'r', 't', 1, 2),
(119, 'ash119', 'w', 'e', 'r', 't', 1, 2),
(120, 'ash120', 'w', 'e', 'r', 't', 1, 2),
(121, 'ash121', 'w', 'e', 'r', 't', 1, 2),
(122, 'ash122', 'w', 'e', 'r', 't', 1, 2),
(123, 'ash123', 'w', 'e', 'r', 't', 1, 2),
(124, 'ash124', 'w', 'e', 'r', 't', 1, 2),
(125, 'ash125', 'w', 'e', 'r', 't', 1, 2),
(126, 'ash126', 'w', 'e', 'r', 't', 1, 2),
(127, 'ash127', 'w', 'e', 'r', 't', 1, 2),
(128, 'ash128', 'w', 'e', 'r', 't', 1, 2),
(129, 'ash129', 'w', 'e', 'r', 't', 1, 2),
(130, 'ash130', 'w', 'e', 'r', 't', 1, 2),
(131, 'ash131', 'w', 'e', 'r', 't', 1, 2),
(132, 'ash132', 'w', 'e', 'r', 't', 1, 2),
(133, 'ash133', 'w', 'e', 'r', 't', 1, 2),
(134, 'ash134', 'w', 'e', 'r', 't', 1, 2),
(135, 'ash135', 'w', 'e', 'r', 't', 1, 2),
(136, 'ash136', 'w', 'e', 'r', 't', 1, 2),
(137, 'ash137', 'w', 'e', 'r', 't', 1, 2),
(138, 'ash138', 'w', 'e', 'r', 't', 1, 2),
(139, 'ash139', 'w', 'e', 'r', 't', 1, 2),
(140, 'ash140', 'w', 'e', 'r', 't', 1, 2),
(141, 'ash141', 'w', 'e', 'r', 't', 1, 2),
(142, 'ash142', 'w', 'e', 'r', 't', 1, 2),
(143, 'ash143', 'w', 'e', 'r', 't', 1, 2),
(144, 'ash144', 'w', 'e', 'r', 't', 1, 2),
(145, 'ash145', 'w', 'e', 'r', 't', 1, 2),
(146, 'ash146', 'w', 'e', 'r', 't', 1, 2),
(147, 'ash147', 'w', 'e', 'r', 't', 1, 2),
(148, 'ash148', 'w', 'e', 'r', 't', 1, 2),
(149, 'ash149', 'w', 'e', 'r', 't', 1, 2),
(150, 'ash150', 'w', 'e', 'r', 't', 1, 2),
(151, 'ash151', 'w', 'e', 'r', 't', 1, 2),
(152, 'ash152', 'w', 'e', 'r', 't', 1, 2),
(153, 'ash153', 'w', 'e', 'r', 't', 1, 2),
(154, 'ash154', 'w', 'e', 'r', 't', 1, 2),
(155, 'ash155', 'w', 'e', 'r', 't', 1, 2),
(156, 'ash156', 'w', 'e', 'r', 't', 1, 2),
(157, 'ash157', 'w', 'e', 'r', 't', 1, 2),
(158, 'ash158', 'w', 'e', 'r', 't', 1, 2),
(159, 'ash159', 'w', 'e', 'r', 't', 1, 2),
(160, 'ash160', 'w', 'e', 'r', 't', 1, 2),
(161, 'ash161', 'w', 'e', 'r', 't', 1, 2),
(162, 'ash162', 'w', 'e', 'r', 't', 1, 2),
(163, 'ash163', 'w', 'e', 'r', 't', 1, 2),
(164, 'ash164', 'w', 'e', 'r', 't', 1, 2),
(165, 'ash165', 'w', 'e', 'r', 't', 1, 2),
(166, 'ash166', 'w', 'e', 'r', 't', 1, 2),
(167, 'ash167', 'w', 'e', 'r', 't', 1, 2),
(168, 'ash168', 'w', 'e', 'r', 't', 1, 2),
(169, 'ash169', 'w', 'e', 'r', 't', 1, 2),
(170, 'ash170', 'w', 'e', 'r', 't', 1, 2),
(171, 'ash171', 'w', 'e', 'r', 't', 1, 2),
(172, 'ash172', 'w', 'e', 'r', 't', 1, 2),
(173, 'ash173', 'w', 'e', 'r', 't', 1, 2),
(174, 'ash174', 'w', 'e', 'r', 't', 1, 2),
(175, 'ash175', 'w', 'e', 'r', 't', 1, 2),
(176, 'ash176', 'w', 'e', 'r', 't', 1, 2),
(177, 'ash177', 'w', 'e', 'r', 't', 1, 2),
(178, 'ash178', 'w', 'e', 'r', 't', 1, 2),
(179, 'ash179', 'w', 'e', 'r', 't', 1, 2),
(180, 'ash180', 'w', 'e', 'r', 't', 1, 2),
(181, 'ash181', 'w', 'e', 'r', 't', 1, 2),
(182, 'ash182', 'w', 'e', 'r', 't', 1, 2),
(183, 'ash183', 'w', 'e', 'r', 't', 1, 2),
(184, 'ash184', 'w', 'e', 'r', 't', 1, 2),
(185, 'ash185', 'w', 'e', 'r', 't', 1, 2),
(186, 'ash186', 'w', 'e', 'r', 't', 1, 2),
(187, 'ash187', 'w', 'e', 'r', 't', 1, 2),
(188, 'ash188', 'w', 'e', 'r', 't', 1, 2),
(189, 'ash189', 'w', 'e', 'r', 't', 1, 2),
(190, 'ash190', 'w', 'e', 'r', 't', 1, 2),
(191, 'ash191', 'w', 'e', 'r', 't', 1, 2),
(192, 'ash192', 'w', 'e', 'r', 't', 1, 2),
(193, 'ash193', 'w', 'e', 'r', 't', 1, 2),
(194, 'ash194', 'w', 'e', 'r', 't', 1, 2),
(195, 'ash195', 'w', 'e', 'r', 't', 1, 2),
(196, 'ash196', 'w', 'e', 'r', 't', 1, 2),
(197, 'ash197', 'w', 'e', 'r', 't', 1, 2),
(198, 'ash198', 'w', 'e', 'r', 't', 1, 2),
(199, 'ash199', 'w', 'e', 'r', 't', 1, 2),
(200, 'ash200', 'w', 'e', 'r', 't', 1, 2),
(201, 'ash201', 'w', 'e', 'r', 't', 1, 2),
(202, 'ash202', 'w', 'e', 'r', 't', 1, 2),
(203, 'ash203', 'w', 'e', 'r', 't', 1, 2),
(204, 'ash204', 'w', 'e', 'r', 't', 1, 2),
(205, 'ash205', 'w', 'e', 'r', 't', 1, 2),
(206, 'ash206', 'w', 'e', 'r', 't', 1, 2),
(207, 'ash207', 'w', 'e', 'r', 't', 1, 2),
(208, 'ash208', 'w', 'e', 'r', 't', 1, 2),
(209, 'ash209', 'w', 'e', 'r', 't', 1, 2),
(210, 'ash210', 'w', 'e', 'r', 't', 1, 2),
(211, 'ash211', 'w', 'e', 'r', 't', 1, 2),
(212, 'ash212', 'w', 'e', 'r', 't', 1, 2),
(213, 'ash213', 'w', 'e', 'r', 't', 1, 2),
(214, 'ash214', 'w', 'e', 'r', 't', 1, 2),
(215, 'ash215', 'w', 'e', 'r', 't', 1, 2),
(216, 'ash216', 'w', 'e', 'r', 't', 1, 2),
(217, 'ash217', 'w', 'e', 'r', 't', 1, 2),
(218, 'ash218', 'w', 'e', 'r', 't', 1, 2),
(219, 'ash219', 'w', 'e', 'r', 't', 1, 2),
(220, 'ash220', 'w', 'e', 'r', 't', 1, 2),
(221, 'ash221', 'w', 'e', 'r', 't', 1, 2),
(222, 'ash222', 'w', 'e', 'r', 't', 1, 2),
(223, 'ash223', 'w', 'e', 'r', 't', 1, 2),
(224, 'ash224', 'w', 'e', 'r', 't', 1, 2),
(225, 'ash225', 'w', 'e', 'r', 't', 1, 2),
(226, 'ash226', 'w', 'e', 'r', 't', 1, 2),
(227, 'ash227', 'w', 'e', 'r', 't', 1, 2),
(228, 'ash228', 'w', 'e', 'r', 't', 1, 2),
(229, 'ash229', 'w', 'e', 'r', 't', 1, 2),
(230, 'ash230', 'w', 'e', 'r', 't', 1, 2),
(231, 'ash231', 'w', 'e', 'r', 't', 1, 2),
(232, 'ash232', 'w', 'e', 'r', 't', 1, 2),
(233, 'ash233', 'w', 'e', 'r', 't', 1, 2),
(234, 'ash234', 'w', 'e', 'r', 't', 1, 2),
(235, 'ash235', 'w', 'e', 'r', 't', 1, 2),
(236, 'ash236', 'w', 'e', 'r', 't', 1, 2),
(237, 'ash237', 'w', 'e', 'r', 't', 1, 2),
(238, 'ash238', 'w', 'e', 'r', 't', 1, 2),
(239, 'ash239', 'w', 'e', 'r', 't', 1, 2),
(240, 'ash240', 'w', 'e', 'r', 't', 1, 2),
(241, 'ash241', 'w', 'e', 'r', 't', 1, 2),
(242, 'ash242', 'w', 'e', 'r', 't', 1, 2),
(243, 'ash243', 'w', 'e', 'r', 't', 1, 2),
(244, 'ash244', 'w', 'e', 'r', 't', 1, 2),
(245, 'ash245', 'w', 'e', 'r', 't', 1, 2),
(246, 'ash246', 'w', 'e', 'r', 't', 1, 2),
(247, 'ash247', 'w', 'e', 'r', 't', 1, 2),
(248, 'ash248', 'w', 'e', 'r', 't', 1, 2),
(249, 'ash249', 'w', 'e', 'r', 't', 1, 2),
(250, 'ash250', 'w', 'e', 'r', 't', 1, 2),
(251, 'ash251', 'w', 'e', 'r', 't', 1, 2),
(252, 'ash252', 'w', 'e', 'r', 't', 1, 2),
(253, 'ash253', 'w', 'e', 'r', 't', 1, 2),
(254, 'ash254', 'w', 'e', 'r', 't', 1, 2),
(255, 'ash255', 'w', 'e', 'r', 't', 1, 2),
(256, 'ash256', 'w', 'e', 'r', 't', 1, 2),
(257, 'ash257', 'w', 'e', 'r', 't', 1, 2),
(258, 'ash258', 'w', 'e', 'r', 't', 1, 2),
(259, 'ash259', 'w', 'e', 'r', 't', 1, 2),
(260, 'ash260', 'w', 'e', 'r', 't', 1, 2),
(261, 'ash261', 'w', 'e', 'r', 't', 1, 2),
(262, 'ash262', 'w', 'e', 'r', 't', 1, 2),
(263, 'ash263', 'w', 'e', 'r', 't', 1, 2),
(264, 'ash264', 'w', 'e', 'r', 't', 1, 2),
(265, 'ash265', 'w', 'e', 'r', 't', 1, 2),
(266, 'ash266', 'w', 'e', 'r', 't', 1, 2),
(267, 'ash267', 'w', 'e', 'r', 't', 1, 2),
(268, 'ash268', 'w', 'e', 'r', 't', 1, 2),
(269, 'ash269', 'w', 'e', 'r', 't', 1, 2),
(270, 'ash270', 'w', 'e', 'r', 't', 1, 2),
(271, 'ash271', 'w', 'e', 'r', 't', 1, 2),
(272, 'ash272', 'w', 'e', 'r', 't', 1, 2),
(273, 'ash273', 'w', 'e', 'r', 't', 1, 2),
(274, 'ash274', 'w', 'e', 'r', 't', 1, 2),
(275, 'ash275', 'w', 'e', 'r', 't', 1, 2),
(276, 'ash276', 'w', 'e', 'r', 't', 1, 2),
(277, 'ash277', 'w', 'e', 'r', 't', 1, 2),
(278, 'ash278', 'w', 'e', 'r', 't', 1, 2),
(279, 'ash279', 'w', 'e', 'r', 't', 1, 2),
(280, 'ash280', 'w', 'e', 'r', 't', 1, 2),
(281, 'ash281', 'w', 'e', 'r', 't', 1, 2),
(282, 'ash282', 'w', 'e', 'r', 't', 1, 2),
(283, 'ash283', 'w', 'e', 'r', 't', 1, 2),
(284, 'ash284', 'w', 'e', 'r', 't', 1, 2),
(285, 'ash285', 'w', 'e', 'r', 't', 1, 2),
(286, 'ash286', 'w', 'e', 'r', 't', 1, 2),
(287, 'ash287', 'w', 'e', 'r', 't', 1, 2),
(288, 'ash288', 'w', 'e', 'r', 't', 1, 2),
(289, 'ash289', 'w', 'e', 'r', 't', 1, 2),
(290, 'ash290', 'w', 'e', 'r', 't', 1, 2),
(291, 'ash291', 'w', 'e', 'r', 't', 1, 2),
(292, 'ash292', 'w', 'e', 'r', 't', 1, 2),
(293, 'ash293', 'w', 'e', 'r', 't', 1, 2),
(294, 'ash294', 'w', 'e', 'r', 't', 1, 2),
(295, 'ash295', 'w', 'e', 'r', 't', 1, 2),
(296, 'ash296', 'w', 'e', 'r', 't', 1, 2),
(297, 'ash297', 'w', 'e', 'r', 't', 1, 2),
(298, 'ash298', 'w', 'e', 'r', 't', 1, 2),
(299, 'ash299', 'w', 'e', 'r', 't', 1, 2),
(300, 'ash300', 'w', 'e', 'r', 't', 1, 2),
(301, 'ash301', 'w', 'e', 'r', 't', 1, 2),
(302, 'ash302', 'w', 'e', 'r', 't', 1, 2),
(303, 'ash303', 'w', 'e', 'r', 't', 1, 2),
(304, 'ash304', 'w', 'e', 'r', 't', 1, 2),
(305, 'ash305', 'w', 'e', 'r', 't', 1, 2),
(306, 'ash306', 'w', 'e', 'r', 't', 1, 2),
(307, 'ash307', 'w', 'e', 'r', 't', 1, 2),
(308, 'ash308', 'w', 'e', 'r', 't', 1, 2),
(309, 'ash309', 'w', 'e', 'r', 't', 1, 2),
(310, 'ash310', 'w', 'e', 'r', 't', 1, 2),
(311, 'ash311', 'w', 'e', 'r', 't', 1, 2),
(312, 'ash312', 'w', 'e', 'r', 't', 1, 2),
(313, 'ash313', 'w', 'e', 'r', 't', 1, 2),
(314, 'ash314', 'w', 'e', 'r', 't', 1, 2),
(315, 'ash315', 'w', 'e', 'r', 't', 1, 2),
(316, 'ash316', 'w', 'e', 'r', 't', 1, 2),
(317, 'ash317', 'w', 'e', 'r', 't', 1, 2),
(318, 'ash318', 'w', 'e', 'r', 't', 1, 2),
(319, 'ash319', 'w', 'e', 'r', 't', 1, 2),
(320, 'ash320', 'w', 'e', 'r', 't', 1, 2),
(321, 'ash321', 'w', 'e', 'r', 't', 1, 2),
(322, 'ash322', 'w', 'e', 'r', 't', 1, 2),
(323, 'ash323', 'w', 'e', 'r', 't', 1, 2),
(324, 'ash324', 'w', 'e', 'r', 't', 1, 2),
(325, 'ash325', 'w', 'e', 'r', 't', 1, 2),
(326, 'ash326', 'w', 'e', 'r', 't', 1, 2),
(327, 'ash327', 'w', 'e', 'r', 't', 1, 2),
(328, 'ash328', 'w', 'e', 'r', 't', 1, 2),
(329, 'ash329', 'w', 'e', 'r', 't', 1, 2),
(330, 'ash330', 'w', 'e', 'r', 't', 1, 2),
(331, 'ash331', 'w', 'e', 'r', 't', 1, 2),
(332, 'ash332', 'w', 'e', 'r', 't', 1, 2),
(333, 'ash333', 'w', 'e', 'r', 't', 1, 2),
(334, 'ash334', 'w', 'e', 'r', 't', 1, 2),
(335, 'ash335', 'w', 'e', 'r', 't', 1, 2),
(336, 'ash336', 'w', 'e', 'r', 't', 1, 2),
(337, 'ash337', 'w', 'e', 'r', 't', 1, 2),
(338, 'ash338', 'w', 'e', 'r', 't', 1, 2),
(339, 'ash339', 'w', 'e', 'r', 't', 1, 2),
(340, 'ash340', 'w', 'e', 'r', 't', 1, 2),
(341, 'ash341', 'w', 'e', 'r', 't', 1, 2),
(342, 'ash342', 'w', 'e', 'r', 't', 1, 2),
(343, 'ash343', 'w', 'e', 'r', 't', 1, 2),
(344, 'ash344', 'w', 'e', 'r', 't', 1, 2),
(345, 'ash345', 'w', 'e', 'r', 't', 1, 2),
(346, 'ash346', 'w', 'e', 'r', 't', 1, 2),
(347, 'ash347', 'w', 'e', 'r', 't', 1, 2),
(348, 'ash348', 'w', 'e', 'r', 't', 1, 2),
(349, 'ash349', 'w', 'e', 'r', 't', 1, 2),
(350, 'ash350', 'w', 'e', 'r', 't', 1, 2),
(351, 'ash351', 'w', 'e', 'r', 't', 1, 2),
(352, 'ash352', 'w', 'e', 'r', 't', 1, 2),
(353, 'ash353', 'w', 'e', 'r', 't', 1, 2),
(354, 'ash354', 'w', 'e', 'r', 't', 1, 2),
(355, 'ash355', 'w', 'e', 'r', 't', 1, 2),
(356, 'ash356', 'w', 'e', 'r', 't', 1, 2),
(357, 'ash357', 'w', 'e', 'r', 't', 1, 2),
(358, 'ash358', 'w', 'e', 'r', 't', 1, 2),
(359, 'ash359', 'w', 'e', 'r', 't', 1, 2),
(360, 'ash360', 'w', 'e', 'r', 't', 1, 2),
(361, 'ash361', 'w', 'e', 'r', 't', 1, 2),
(362, 'ash362', 'w', 'e', 'r', 't', 1, 2),
(363, 'ash363', 'w', 'e', 'r', 't', 1, 2),
(364, 'ash364', 'w', 'e', 'r', 't', 1, 2),
(365, 'ash365', 'w', 'e', 'r', 't', 1, 2),
(366, 'ash366', 'w', 'e', 'r', 't', 1, 2),
(367, 'ash367', 'w', 'e', 'r', 't', 1, 2),
(368, 'ash368', 'w', 'e', 'r', 't', 1, 2),
(369, 'ash369', 'w', 'e', 'r', 't', 1, 2),
(370, 'ash370', 'w', 'e', 'r', 't', 1, 2),
(371, 'ash371', 'w', 'e', 'r', 't', 1, 2),
(372, 'ash372', 'w', 'e', 'r', 't', 1, 2),
(373, 'ash373', 'w', 'e', 'r', 't', 1, 2),
(374, 'ash374', 'w', 'e', 'r', 't', 1, 2),
(375, 'ash375', 'w', 'e', 'r', 't', 1, 2),
(376, 'ash376', 'w', 'e', 'r', 't', 1, 2),
(377, 'ash377', 'w', 'e', 'r', 't', 1, 2),
(378, 'ash378', 'w', 'e', 'r', 't', 1, 2),
(379, 'ash379', 'w', 'e', 'r', 't', 1, 2),
(380, 'ash380', 'w', 'e', 'r', 't', 1, 2),
(381, 'ash381', 'w', 'e', 'r', 't', 1, 2),
(382, 'ash382', 'w', 'e', 'r', 't', 1, 2),
(383, 'ash383', 'w', 'e', 'r', 't', 1, 2),
(384, 'ash384', 'w', 'e', 'r', 't', 1, 2),
(385, 'ash385', 'w', 'e', 'r', 't', 1, 2),
(386, 'ash386', 'w', 'e', 'r', 't', 1, 2),
(387, 'ash387', 'w', 'e', 'r', 't', 1, 2),
(388, 'ash388', 'w', 'e', 'r', 't', 1, 2),
(389, 'ash389', 'w', 'e', 'r', 't', 1, 2),
(390, 'ash390', 'w', 'e', 'r', 't', 1, 2),
(391, 'ash391', 'w', 'e', 'r', 't', 1, 2),
(392, 'ash392', 'w', 'e', 'r', 't', 1, 2),
(393, 'ash393', 'w', 'e', 'r', 't', 1, 2),
(394, 'ash394', 'w', 'e', 'r', 't', 1, 2),
(395, 'ash395', 'w', 'e', 'r', 't', 1, 2),
(396, 'ash396', 'w', 'e', 'r', 't', 1, 2),
(397, 'ash397', 'w', 'e', 'r', 't', 1, 2),
(398, 'ash398', 'w', 'e', 'r', 't', 1, 2),
(399, 'ash399', 'w', 'e', 'r', 't', 1, 2),
(400, 'ash400', 'w', 'e', 'r', 't', 1, 2),
(401, 'ash401', 'w', 'e', 'r', 't', 1, 2),
(402, 'ash402', 'w', 'e', 'r', 't', 1, 2),
(403, 'ash403', 'w', 'e', 'r', 't', 1, 2),
(404, 'ash404', 'w', 'e', 'r', 't', 1, 2),
(405, 'ash405', 'w', 'e', 'r', 't', 1, 2),
(406, 'ash406', 'w', 'e', 'r', 't', 1, 2),
(407, 'ash407', 'w', 'e', 'r', 't', 1, 2),
(408, 'ash408', 'w', 'e', 'r', 't', 1, 2),
(409, 'ash409', 'w', 'e', 'r', 't', 1, 2),
(410, 'ash410', 'w', 'e', 'r', 't', 1, 2),
(411, 'ash411', 'w', 'e', 'r', 't', 1, 2),
(412, 'ash412', 'w', 'e', 'r', 't', 1, 2),
(413, 'ash413', 'w', 'e', 'r', 't', 1, 2),
(414, 'ash414', 'w', 'e', 'r', 't', 1, 2),
(415, 'ash415', 'w', 'e', 'r', 't', 1, 2),
(416, 'ash416', 'w', 'e', 'r', 't', 1, 2),
(417, 'ash417', 'w', 'e', 'r', 't', 1, 2),
(418, 'ash418', 'w', 'e', 'r', 't', 1, 2),
(419, 'ash419', 'w', 'e', 'r', 't', 1, 2),
(420, 'ash420', 'w', 'e', 'r', 't', 1, 2),
(421, 'ash421', 'w', 'e', 'r', 't', 1, 2),
(422, 'ash422', 'w', 'e', 'r', 't', 1, 2),
(423, 'ash423', 'w', 'e', 'r', 't', 1, 2),
(424, 'ash424', 'w', 'e', 'r', 't', 1, 2),
(425, 'ash425', 'w', 'e', 'r', 't', 1, 2),
(426, 'ash426', 'w', 'e', 'r', 't', 1, 2),
(427, 'ash427', 'w', 'e', 'r', 't', 1, 2),
(428, 'ash428', 'w', 'e', 'r', 't', 1, 2),
(429, 'ash429', 'w', 'e', 'r', 't', 1, 2),
(430, 'ash430', 'w', 'e', 'r', 't', 1, 2),
(431, 'ash431', 'w', 'e', 'r', 't', 1, 2),
(432, 'ash432', 'w', 'e', 'r', 't', 1, 2),
(433, 'ash433', 'w', 'e', 'r', 't', 1, 2),
(434, 'ash434', 'w', 'e', 'r', 't', 1, 2),
(435, 'ash435', 'w', 'e', 'r', 't', 1, 2),
(436, 'ash436', 'w', 'e', 'r', 't', 1, 2),
(437, 'ash437', 'w', 'e', 'r', 't', 1, 2),
(438, 'ash438', 'w', 'e', 'r', 't', 1, 2),
(439, 'ash439', 'w', 'e', 'r', 't', 1, 2),
(440, 'ash440', 'w', 'e', 'r', 't', 1, 2),
(441, 'ash441', 'w', 'e', 'r', 't', 1, 2),
(442, 'ash442', 'w', 'e', 'r', 't', 1, 2),
(443, 'ash443', 'w', 'e', 'r', 't', 1, 2),
(444, 'ash444', 'w', 'e', 'r', 't', 1, 2),
(445, 'ash445', 'w', 'e', 'r', 't', 1, 2),
(446, 'ash446', 'w', 'e', 'r', 't', 1, 2),
(447, 'ash447', 'w', 'e', 'r', 't', 1, 2),
(448, 'ash448', 'w', 'e', 'r', 't', 1, 2),
(449, 'ash449', 'w', 'e', 'r', 't', 1, 2),
(450, 'ash450', 'w', 'e', 'r', 't', 1, 2),
(451, 'ash451', 'w', 'e', 'r', 't', 1, 2),
(452, 'ash452', 'w', 'e', 'r', 't', 1, 2),
(453, 'ash453', 'w', 'e', 'r', 't', 1, 2),
(454, 'ash454', 'w', 'e', 'r', 't', 1, 2),
(455, 'ash455', 'w', 'e', 'r', 't', 1, 2),
(456, 'ash456', 'w', 'e', 'r', 't', 1, 2),
(457, 'ash457', 'w', 'e', 'r', 't', 1, 2),
(458, 'ash458', 'w', 'e', 'r', 't', 1, 2),
(459, 'ash459', 'w', 'e', 'r', 't', 1, 2),
(460, 'ash460', 'w', 'e', 'r', 't', 1, 2),
(461, 'ash461', 'w', 'e', 'r', 't', 1, 2),
(462, 'ash462', 'w', 'e', 'r', 't', 1, 2),
(463, 'ash463', 'w', 'e', 'r', 't', 1, 2),
(464, 'ash464', 'w', 'e', 'r', 't', 1, 2),
(465, 'ash465', 'w', 'e', 'r', 't', 1, 2),
(466, 'ash466', 'w', 'e', 'r', 't', 1, 2),
(467, 'ash467', 'w', 'e', 'r', 't', 1, 2),
(468, 'ash468', 'w', 'e', 'r', 't', 1, 2),
(469, 'ash469', 'w', 'e', 'r', 't', 1, 2),
(470, 'ash470', 'w', 'e', 'r', 't', 1, 2),
(471, 'ash471', 'w', 'e', 'r', 't', 1, 2),
(472, 'ash472', 'w', 'e', 'r', 't', 1, 2),
(473, 'ash473', 'w', 'e', 'r', 't', 1, 2),
(474, 'ash474', 'w', 'e', 'r', 't', 1, 2),
(475, 'ash475', 'w', 'e', 'r', 't', 1, 2),
(476, 'ash476', 'w', 'e', 'r', 't', 1, 2),
(477, 'ash477', 'w', 'e', 'r', 't', 1, 2),
(478, 'ash478', 'w', 'e', 'r', 't', 1, 2),
(479, 'ash479', 'w', 'e', 'r', 't', 1, 2),
(480, 'ash480', 'w', 'e', 'r', 't', 1, 2),
(481, 'ash481', 'w', 'e', 'r', 't', 1, 2),
(482, 'ash482', 'w', 'e', 'r', 't', 1, 2),
(483, 'ash483', 'w', 'e', 'r', 't', 1, 2),
(484, 'ash484', 'w', 'e', 'r', 't', 1, 2),
(485, 'ash485', 'w', 'e', 'r', 't', 1, 2),
(486, 'ash486', 'w', 'e', 'r', 't', 1, 2),
(487, 'ash487', 'w', 'e', 'r', 't', 1, 2),
(488, 'ash488', 'w', 'e', 'r', 't', 1, 2),
(489, 'ash489', 'w', 'e', 'r', 't', 1, 2),
(490, 'ash490', 'w', 'e', 'r', 't', 1, 2),
(491, 'ash491', 'w', 'e', 'r', 't', 1, 2),
(492, 'ash492', 'w', 'e', 'r', 't', 1, 2),
(493, 'ash493', 'w', 'e', 'r', 't', 1, 2),
(494, 'ash494', 'w', 'e', 'r', 't', 1, 2),
(495, 'ash495', 'w', 'e', 'r', 't', 1, 2),
(496, 'ash496', 'w', 'e', 'r', 't', 1, 2),
(497, 'ash497', 'w', 'e', 'r', 't', 1, 2),
(498, 'ash498', 'w', 'e', 'r', 't', 1, 2),
(499, 'ash499', 'w', 'e', 'r', 't', 1, 2),
(500, 'ash500', 'w', 'e', 'r', 't', 1, 2),
(501, 'ash501', 'w', 'e', 'r', 't', 1, 2),
(502, 'ash502', 'w', 'e', 'r', 't', 1, 2),
(503, 'ash503', 'w', 'e', 'r', 't', 1, 2),
(504, 'ash504', 'w', 'e', 'r', 't', 1, 2),
(505, 'ash505', 'w', 'e', 'r', 't', 1, 2),
(506, 'ash506', 'w', 'e', 'r', 't', 1, 2),
(507, 'ash507', 'w', 'e', 'r', 't', 1, 2),
(508, 'ash508', 'w', 'e', 'r', 't', 1, 2),
(509, 'ash509', 'w', 'e', 'r', 't', 1, 2),
(510, 'ash510', 'w', 'e', 'r', 't', 1, 2),
(511, 'ash511', 'w', 'e', 'r', 't', 1, 2),
(512, 'ash512', 'w', 'e', 'r', 't', 1, 2),
(513, 'ash513', 'w', 'e', 'r', 't', 1, 2),
(514, 'ash514', 'w', 'e', 'r', 't', 1, 2),
(515, 'ash515', 'w', 'e', 'r', 't', 1, 2),
(516, 'ash516', 'w', 'e', 'r', 't', 1, 2),
(517, 'ash517', 'w', 'e', 'r', 't', 1, 2),
(518, 'ash518', 'w', 'e', 'r', 't', 1, 2),
(519, 'ash519', 'w', 'e', 'r', 't', 1, 2),
(520, 'ash520', 'w', 'e', 'r', 't', 1, 2),
(521, 'ash521', 'w', 'e', 'r', 't', 1, 2),
(522, 'ash522', 'w', 'e', 'r', 't', 1, 2),
(523, 'ash523', 'w', 'e', 'r', 't', 1, 2),
(524, 'ash524', 'w', 'e', 'r', 't', 1, 2),
(525, 'ash525', 'w', 'e', 'r', 't', 1, 2),
(526, 'ash526', 'w', 'e', 'r', 't', 1, 2),
(527, 'ash527', 'w', 'e', 'r', 't', 1, 2),
(528, 'ash528', 'w', 'e', 'r', 't', 1, 2),
(529, 'ash529', 'w', 'e', 'r', 't', 1, 2),
(530, 'ash530', 'w', 'e', 'r', 't', 1, 2),
(531, 'ash531', 'w', 'e', 'r', 't', 1, 2),
(532, 'ash532', 'w', 'e', 'r', 't', 1, 2),
(533, 'ash533', 'w', 'e', 'r', 't', 1, 2),
(534, 'ash534', 'w', 'e', 'r', 't', 1, 2),
(535, 'ash535', 'w', 'e', 'r', 't', 1, 2),
(536, 'ash536', 'w', 'e', 'r', 't', 1, 2),
(537, 'ash537', 'w', 'e', 'r', 't', 1, 2),
(538, 'ash538', 'w', 'e', 'r', 't', 1, 2),
(539, 'ash539', 'w', 'e', 'r', 't', 1, 2),
(540, 'ash540', 'w', 'e', 'r', 't', 1, 2),
(541, 'ash541', 'w', 'e', 'r', 't', 1, 2),
(542, 'ash542', 'w', 'e', 'r', 't', 1, 2),
(543, 'ash543', 'w', 'e', 'r', 't', 1, 2),
(544, 'ash544', 'w', 'e', 'r', 't', 1, 2),
(545, 'ash545', 'w', 'e', 'r', 't', 1, 2),
(546, 'ash546', 'w', 'e', 'r', 't', 1, 2),
(547, 'ash547', 'w', 'e', 'r', 't', 1, 2),
(548, 'ash548', 'w', 'e', 'r', 't', 1, 2),
(549, 'ash549', 'w', 'e', 'r', 't', 1, 2),
(550, 'ash550', 'w', 'e', 'r', 't', 1, 2),
(551, 'ash551', 'w', 'e', 'r', 't', 1, 2),
(552, 'ash552', 'w', 'e', 'r', 't', 1, 2),
(553, 'ash553', 'w', 'e', 'r', 't', 1, 2),
(554, 'ash554', 'w', 'e', 'r', 't', 1, 2),
(555, 'ash555', 'w', 'e', 'r', 't', 1, 2),
(556, 'ash556', 'w', 'e', 'r', 't', 1, 2),
(557, 'ash557', 'w', 'e', 'r', 't', 1, 2),
(558, 'ash558', 'w', 'e', 'r', 't', 1, 2),
(559, 'ash559', 'w', 'e', 'r', 't', 1, 2),
(560, 'ash560', 'w', 'e', 'r', 't', 1, 2),
(561, 'ash561', 'w', 'e', 'r', 't', 1, 2),
(562, 'ash562', 'w', 'e', 'r', 't', 1, 2),
(563, 'ash563', 'w', 'e', 'r', 't', 1, 2),
(564, 'ash564', 'w', 'e', 'r', 't', 1, 2),
(565, 'ash565', 'w', 'e', 'r', 't', 1, 2),
(566, 'ash566', 'w', 'e', 'r', 't', 1, 2),
(567, 'ash567', 'w', 'e', 'r', 't', 1, 2),
(568, 'ash568', 'w', 'e', 'r', 't', 1, 2),
(569, 'ash569', 'w', 'e', 'r', 't', 1, 2),
(570, 'ash570', 'w', 'e', 'r', 't', 1, 2),
(571, 'ash571', 'w', 'e', 'r', 't', 1, 2),
(572, 'ash572', 'w', 'e', 'r', 't', 1, 2),
(573, 'ash573', 'w', 'e', 'r', 't', 1, 2),
(574, 'ash574', 'w', 'e', 'r', 't', 1, 2),
(575, 'ash575', 'w', 'e', 'r', 't', 1, 2),
(576, 'ash576', 'w', 'e', 'r', 't', 1, 2),
(577, 'ash577', 'w', 'e', 'r', 't', 1, 2),
(578, 'ash578', 'w', 'e', 'r', 't', 1, 2),
(579, 'ash579', 'w', 'e', 'r', 't', 1, 2),
(580, 'ash580', 'w', 'e', 'r', 't', 1, 2),
(581, 'ash581', 'w', 'e', 'r', 't', 1, 2),
(582, 'ash582', 'w', 'e', 'r', 't', 1, 2),
(583, 'ash583', 'w', 'e', 'r', 't', 1, 2),
(584, 'ash584', 'w', 'e', 'r', 't', 1, 2),
(585, 'ash585', 'w', 'e', 'r', 't', 1, 2),
(586, 'ash586', 'w', 'e', 'r', 't', 1, 2),
(587, 'ash587', 'w', 'e', 'r', 't', 1, 2),
(588, 'ash588', 'w', 'e', 'r', 't', 1, 2),
(589, 'ash589', 'w', 'e', 'r', 't', 1, 2),
(590, 'ash590', 'w', 'e', 'r', 't', 1, 2),
(591, 'ash591', 'w', 'e', 'r', 't', 1, 2),
(592, 'ash592', 'w', 'e', 'r', 't', 1, 2),
(593, 'ash593', 'w', 'e', 'r', 't', 1, 2),
(594, 'ash594', 'w', 'e', 'r', 't', 1, 2),
(595, 'ash595', 'w', 'e', 'r', 't', 1, 2),
(596, 'ash596', 'w', 'e', 'r', 't', 1, 2),
(597, 'ash597', 'w', 'e', 'r', 't', 1, 2),
(598, 'ash598', 'w', 'e', 'r', 't', 1, 2),
(599, 'ash599', 'w', 'e', 'r', 't', 1, 2),
(600, 'ash600', 'w', 'e', 'r', 't', 1, 2),
(601, 'ash601', 'w', 'e', 'r', 't', 1, 2),
(602, 'ash602', 'w', 'e', 'r', 't', 1, 2),
(603, 'ash603', 'w', 'e', 'r', 't', 1, 2),
(604, 'ash604', 'w', 'e', 'r', 't', 1, 2),
(605, 'ash605', 'w', 'e', 'r', 't', 1, 2),
(606, 'ash606', 'w', 'e', 'r', 't', 1, 2),
(607, 'ash607', 'w', 'e', 'r', 't', 1, 2),
(608, 'ash608', 'w', 'e', 'r', 't', 1, 2),
(609, 'ash609', 'w', 'e', 'r', 't', 1, 2),
(610, 'ash610', 'w', 'e', 'r', 't', 1, 2),
(611, 'ash611', 'w', 'e', 'r', 't', 1, 2),
(612, 'ash612', 'w', 'e', 'r', 't', 1, 2),
(613, 'ash613', 'w', 'e', 'r', 't', 1, 2),
(614, 'ash614', 'w', 'e', 'r', 't', 1, 2),
(615, 'ash615', 'w', 'e', 'r', 't', 1, 2),
(616, 'ash616', 'w', 'e', 'r', 't', 1, 2),
(617, 'ash617', 'w', 'e', 'r', 't', 1, 2),
(618, 'ash618', 'w', 'e', 'r', 't', 1, 2),
(619, 'ash619', 'w', 'e', 'r', 't', 1, 2),
(620, 'ash620', 'w', 'e', 'r', 't', 1, 2),
(621, 'ash621', 'w', 'e', 'r', 't', 1, 2),
(622, 'ash622', 'w', 'e', 'r', 't', 1, 2),
(623, 'ash623', 'w', 'e', 'r', 't', 1, 2),
(624, 'ash624', 'w', 'e', 'r', 't', 1, 2),
(625, 'ash625', 'w', 'e', 'r', 't', 1, 2),
(626, 'ash626', 'w', 'e', 'r', 't', 1, 2),
(627, 'ash627', 'w', 'e', 'r', 't', 1, 2),
(628, 'ash628', 'w', 'e', 'r', 't', 1, 2),
(629, 'ash629', 'w', 'e', 'r', 't', 1, 2),
(630, 'ash630', 'w', 'e', 'r', 't', 1, 2),
(631, 'ash631', 'w', 'e', 'r', 't', 1, 2),
(632, 'ash632', 'w', 'e', 'r', 't', 1, 2),
(633, 'ash633', 'w', 'e', 'r', 't', 1, 2),
(634, 'ash634', 'w', 'e', 'r', 't', 1, 2),
(635, 'ash635', 'w', 'e', 'r', 't', 1, 2),
(636, 'ash636', 'w', 'e', 'r', 't', 1, 2),
(637, 'ash637', 'w', 'e', 'r', 't', 1, 2),
(638, 'ash638', 'w', 'e', 'r', 't', 1, 2),
(639, 'ash639', 'w', 'e', 'r', 't', 1, 2),
(640, 'ash640', 'w', 'e', 'r', 't', 1, 2),
(641, 'ash641', 'w', 'e', 'r', 't', 1, 2),
(642, 'ash642', 'w', 'e', 'r', 't', 1, 2),
(643, 'ash643', 'w', 'e', 'r', 't', 1, 2),
(644, 'ash644', 'w', 'e', 'r', 't', 1, 2),
(645, 'ash645', 'w', 'e', 'r', 't', 1, 2),
(646, 'ash646', 'w', 'e', 'r', 't', 1, 2),
(647, 'ash647', 'w', 'e', 'r', 't', 1, 2),
(648, 'ash648', 'w', 'e', 'r', 't', 1, 2),
(649, 'ash649', 'w', 'e', 'r', 't', 1, 2),
(650, 'ash650', 'w', 'e', 'r', 't', 1, 2),
(651, 'ash651', 'w', 'e', 'r', 't', 1, 2),
(652, 'ash652', 'w', 'e', 'r', 't', 1, 2),
(653, 'ash653', 'w', 'e', 'r', 't', 1, 2),
(654, 'ash654', 'w', 'e', 'r', 't', 1, 2),
(655, 'ash655', 'w', 'e', 'r', 't', 1, 2),
(656, 'ash656', 'w', 'e', 'r', 't', 1, 2),
(657, 'ash657', 'w', 'e', 'r', 't', 1, 2),
(658, 'ash658', 'w', 'e', 'r', 't', 1, 2),
(659, 'ash659', 'w', 'e', 'r', 't', 1, 2),
(660, 'ash660', 'w', 'e', 'r', 't', 1, 2),
(661, 'ash661', 'w', 'e', 'r', 't', 1, 2),
(662, 'ash662', 'w', 'e', 'r', 't', 1, 2),
(663, 'ash663', 'w', 'e', 'r', 't', 1, 2),
(664, 'ash664', 'w', 'e', 'r', 't', 1, 2),
(665, 'ash665', 'w', 'e', 'r', 't', 1, 2),
(666, 'ash666', 'w', 'e', 'r', 't', 1, 2),
(667, 'ash667', 'w', 'e', 'r', 't', 1, 2),
(668, 'ash668', 'w', 'e', 'r', 't', 1, 2),
(669, 'ash669', 'w', 'e', 'r', 't', 1, 2),
(670, 'ash670', 'w', 'e', 'r', 't', 1, 2),
(671, 'ash671', 'w', 'e', 'r', 't', 1, 2),
(672, 'ash672', 'w', 'e', 'r', 't', 1, 2),
(673, 'ash673', 'w', 'e', 'r', 't', 1, 2),
(674, 'ash674', 'w', 'e', 'r', 't', 1, 2),
(675, 'ash675', 'w', 'e', 'r', 't', 1, 2),
(676, 'ash676', 'w', 'e', 'r', 't', 1, 2),
(677, 'ash677', 'w', 'e', 'r', 't', 1, 2),
(678, 'ash678', 'w', 'e', 'r', 't', 1, 2),
(679, 'ash679', 'w', 'e', 'r', 't', 1, 2),
(680, 'ash680', 'w', 'e', 'r', 't', 1, 2),
(681, 'ash681', 'w', 'e', 'r', 't', 1, 2),
(682, 'ash682', 'w', 'e', 'r', 't', 1, 2),
(683, 'ash683', 'w', 'e', 'r', 't', 1, 2),
(684, 'ash684', 'w', 'e', 'r', 't', 1, 2),
(685, 'ash685', 'w', 'e', 'r', 't', 1, 2),
(686, 'ash686', 'w', 'e', 'r', 't', 1, 2),
(687, 'ash687', 'w', 'e', 'r', 't', 1, 2),
(688, 'ash688', 'w', 'e', 'r', 't', 1, 2),
(689, 'ash689', 'w', 'e', 'r', 't', 1, 2),
(690, 'ash690', 'w', 'e', 'r', 't', 1, 2),
(691, 'ash691', 'w', 'e', 'r', 't', 1, 2),
(692, 'ash692', 'w', 'e', 'r', 't', 1, 2),
(693, 'ash693', 'w', 'e', 'r', 't', 1, 2),
(694, 'ash694', 'w', 'e', 'r', 't', 1, 2),
(695, 'ash695', 'w', 'e', 'r', 't', 1, 2),
(696, 'ash696', 'w', 'e', 'r', 't', 1, 2),
(697, 'ash697', 'w', 'e', 'r', 't', 1, 2),
(698, 'ash698', 'w', 'e', 'r', 't', 1, 2),
(699, 'ash699', 'w', 'e', 'r', 't', 1, 2),
(700, 'ash700', 'w', 'e', 'r', 't', 1, 2),
(701, 'ash701', 'w', 'e', 'r', 't', 1, 2),
(702, 'ash702', 'w', 'e', 'r', 't', 1, 2),
(703, 'ash703', 'w', 'e', 'r', 't', 1, 2),
(704, 'ash704', 'w', 'e', 'r', 't', 1, 2),
(705, 'ash705', 'w', 'e', 'r', 't', 1, 2),
(706, 'ash706', 'w', 'e', 'r', 't', 1, 2),
(707, 'ash707', 'w', 'e', 'r', 't', 1, 2),
(708, 'ash708', 'w', 'e', 'r', 't', 1, 2),
(709, 'ash709', 'w', 'e', 'r', 't', 1, 2),
(710, 'ash710', 'w', 'e', 'r', 't', 1, 2),
(711, 'ash711', 'w', 'e', 'r', 't', 1, 2),
(712, 'ash712', 'w', 'e', 'r', 't', 1, 2),
(713, 'ash713', 'w', 'e', 'r', 't', 1, 2),
(714, 'ash714', 'w', 'e', 'r', 't', 1, 2),
(715, 'ash715', 'w', 'e', 'r', 't', 1, 2),
(716, 'ash716', 'w', 'e', 'r', 't', 1, 2),
(717, 'ash717', 'w', 'e', 'r', 't', 1, 2),
(718, 'ash718', 'w', 'e', 'r', 't', 1, 2),
(719, 'ash719', 'w', 'e', 'r', 't', 1, 2),
(720, 'ash720', 'w', 'e', 'r', 't', 1, 2),
(721, 'ash721', 'w', 'e', 'r', 't', 1, 2),
(722, 'ash722', 'w', 'e', 'r', 't', 1, 2),
(723, 'ash723', 'w', 'e', 'r', 't', 1, 2),
(724, 'ash724', 'w', 'e', 'r', 't', 1, 2),
(725, 'ash725', 'w', 'e', 'r', 't', 1, 2),
(726, 'ash726', 'w', 'e', 'r', 't', 1, 2),
(727, 'ash727', 'w', 'e', 'r', 't', 1, 2),
(728, 'ash728', 'w', 'e', 'r', 't', 1, 2),
(729, 'ash729', 'w', 'e', 'r', 't', 1, 2),
(730, 'ash730', 'w', 'e', 'r', 't', 1, 2),
(731, 'ash731', 'w', 'e', 'r', 't', 1, 2),
(732, 'ash732', 'w', 'e', 'r', 't', 1, 2),
(733, 'ash733', 'w', 'e', 'r', 't', 1, 2),
(734, 'ash734', 'w', 'e', 'r', 't', 1, 2),
(735, 'ash735', 'w', 'e', 'r', 't', 1, 2),
(736, 'ash736', 'w', 'e', 'r', 't', 1, 2),
(737, 'ash737', 'w', 'e', 'r', 't', 1, 2),
(738, 'ash738', 'w', 'e', 'r', 't', 1, 2),
(739, 'ash739', 'w', 'e', 'r', 't', 1, 2),
(740, 'ash740', 'w', 'e', 'r', 't', 1, 2),
(741, 'ash741', 'w', 'e', 'r', 't', 1, 2),
(742, 'ash742', 'w', 'e', 'r', 't', 1, 2),
(743, 'ash743', 'w', 'e', 'r', 't', 1, 2),
(744, 'ash744', 'w', 'e', 'r', 't', 1, 2),
(745, 'ash745', 'w', 'e', 'r', 't', 1, 2),
(746, 'ash746', 'w', 'e', 'r', 't', 1, 2),
(747, 'ash747', 'w', 'e', 'r', 't', 1, 2),
(748, 'ash748', 'w', 'e', 'r', 't', 1, 2),
(749, 'ash749', 'w', 'e', 'r', 't', 1, 2),
(750, 'ash750', 'w', 'e', 'r', 't', 1, 2),
(751, 'ash751', 'w', 'e', 'r', 't', 1, 2),
(752, 'ash752', 'w', 'e', 'r', 't', 1, 2),
(753, 'ash753', 'w', 'e', 'r', 't', 1, 2),
(754, 'ash754', 'w', 'e', 'r', 't', 1, 2),
(755, 'ash755', 'w', 'e', 'r', 't', 1, 2),
(756, 'ash756', 'w', 'e', 'r', 't', 1, 2),
(757, 'ash757', 'w', 'e', 'r', 't', 1, 2),
(758, 'ash758', 'w', 'e', 'r', 't', 1, 2),
(759, 'ash759', 'w', 'e', 'r', 't', 1, 2),
(760, 'ash760', 'w', 'e', 'r', 't', 1, 2),
(761, 'ash761', 'w', 'e', 'r', 't', 1, 2),
(762, 'ash762', 'w', 'e', 'r', 't', 1, 2),
(763, 'ash763', 'w', 'e', 'r', 't', 1, 2),
(764, 'ash764', 'w', 'e', 'r', 't', 1, 2),
(765, 'ash765', 'w', 'e', 'r', 't', 1, 2),
(766, 'ash766', 'w', 'e', 'r', 't', 1, 2),
(767, 'ash767', 'w', 'e', 'r', 't', 1, 2),
(768, 'ash768', 'w', 'e', 'r', 't', 1, 2),
(769, 'ash769', 'w', 'e', 'r', 't', 1, 2),
(770, 'ash770', 'w', 'e', 'r', 't', 1, 2),
(771, 'ash771', 'w', 'e', 'r', 't', 1, 2),
(772, 'ash772', 'w', 'e', 'r', 't', 1, 2),
(773, 'ash773', 'w', 'e', 'r', 't', 1, 2),
(774, 'ash774', 'w', 'e', 'r', 't', 1, 2),
(775, 'ash775', 'w', 'e', 'r', 't', 1, 2),
(776, 'ash776', 'w', 'e', 'r', 't', 1, 2),
(777, 'ash777', 'w', 'e', 'r', 't', 1, 2),
(778, 'ash778', 'w', 'e', 'r', 't', 1, 2),
(779, 'ash779', 'w', 'e', 'r', 't', 1, 2),
(780, 'ash780', 'w', 'e', 'r', 't', 1, 2),
(781, 'ash781', 'w', 'e', 'r', 't', 1, 2),
(782, 'ash782', 'w', 'e', 'r', 't', 1, 2),
(783, 'ash783', 'w', 'e', 'r', 't', 1, 2),
(784, 'ash784', 'w', 'e', 'r', 't', 1, 2),
(785, 'ash785', 'w', 'e', 'r', 't', 1, 2),
(786, 'ash786', 'w', 'e', 'r', 't', 1, 2),
(787, 'ash787', 'w', 'e', 'r', 't', 1, 2),
(788, 'ash788', 'w', 'e', 'r', 't', 1, 2),
(789, 'ash789', 'w', 'e', 'r', 't', 1, 2),
(790, 'ash790', 'w', 'e', 'r', 't', 1, 2),
(791, 'ash791', 'w', 'e', 'r', 't', 1, 2),
(792, 'ash792', 'w', 'e', 'r', 't', 1, 2),
(793, 'ash793', 'w', 'e', 'r', 't', 1, 2),
(794, 'ash794', 'w', 'e', 'r', 't', 1, 2),
(795, 'ash795', 'w', 'e', 'r', 't', 1, 2),
(796, 'ash796', 'w', 'e', 'r', 't', 1, 2),
(797, 'ash797', 'w', 'e', 'r', 't', 1, 2),
(798, 'ash798', 'w', 'e', 'r', 't', 1, 2),
(799, 'ash799', 'w', 'e', 'r', 't', 1, 2),
(800, 'ash800', 'w', 'e', 'r', 't', 1, 2),
(801, 'ash801', 'w', 'e', 'r', 't', 1, 2),
(802, 'ash802', 'w', 'e', 'r', 't', 1, 2),
(803, 'ash803', 'w', 'e', 'r', 't', 1, 2),
(804, 'ash804', 'w', 'e', 'r', 't', 1, 2),
(805, 'ash805', 'w', 'e', 'r', 't', 1, 2),
(806, 'ash806', 'w', 'e', 'r', 't', 1, 2),
(807, 'ash807', 'w', 'e', 'r', 't', 1, 2),
(808, 'ash808', 'w', 'e', 'r', 't', 1, 2),
(809, 'ash809', 'w', 'e', 'r', 't', 1, 2),
(810, 'ash810', 'w', 'e', 'r', 't', 1, 2),
(811, 'ash811', 'w', 'e', 'r', 't', 1, 2),
(812, 'ash812', 'w', 'e', 'r', 't', 1, 2),
(813, 'ash813', 'w', 'e', 'r', 't', 1, 2),
(814, 'ash814', 'w', 'e', 'r', 't', 1, 2),
(815, 'ash815', 'w', 'e', 'r', 't', 1, 2),
(816, 'ash816', 'w', 'e', 'r', 't', 1, 2),
(817, 'ash817', 'w', 'e', 'r', 't', 1, 2),
(818, 'ash818', 'w', 'e', 'r', 't', 1, 2),
(819, 'ash819', 'w', 'e', 'r', 't', 1, 2),
(820, 'ash820', 'w', 'e', 'r', 't', 1, 2),
(821, 'ash821', 'w', 'e', 'r', 't', 1, 2),
(822, 'ash822', 'w', 'e', 'r', 't', 1, 2),
(823, 'ash823', 'w', 'e', 'r', 't', 1, 2),
(824, 'ash824', 'w', 'e', 'r', 't', 1, 2),
(825, 'ash825', 'w', 'e', 'r', 't', 1, 2),
(826, 'ash826', 'w', 'e', 'r', 't', 1, 2),
(827, 'ash827', 'w', 'e', 'r', 't', 1, 2),
(828, 'ash828', 'w', 'e', 'r', 't', 1, 2),
(829, 'ash829', 'w', 'e', 'r', 't', 1, 2),
(830, 'ash830', 'w', 'e', 'r', 't', 1, 2),
(831, 'ash831', 'w', 'e', 'r', 't', 1, 2),
(832, 'ash832', 'w', 'e', 'r', 't', 1, 2),
(833, 'ash833', 'w', 'e', 'r', 't', 1, 2),
(834, 'ash834', 'w', 'e', 'r', 't', 1, 2),
(835, 'ash835', 'w', 'e', 'r', 't', 1, 2),
(836, 'ash836', 'w', 'e', 'r', 't', 1, 2),
(837, 'ash837', 'w', 'e', 'r', 't', 1, 2),
(838, 'ash838', 'w', 'e', 'r', 't', 1, 2),
(839, 'ash839', 'w', 'e', 'r', 't', 1, 2),
(840, 'ash840', 'w', 'e', 'r', 't', 1, 2),
(841, 'ash841', 'w', 'e', 'r', 't', 1, 2),
(842, 'ash842', 'w', 'e', 'r', 't', 1, 2),
(843, 'ash843', 'w', 'e', 'r', 't', 1, 2),
(844, 'ash844', 'w', 'e', 'r', 't', 1, 2),
(845, 'ash845', 'w', 'e', 'r', 't', 1, 2),
(846, 'ash846', 'w', 'e', 'r', 't', 1, 2),
(847, 'ash847', 'w', 'e', 'r', 't', 1, 2),
(848, 'ash848', 'w', 'e', 'r', 't', 1, 2),
(849, 'ash849', 'w', 'e', 'r', 't', 1, 2),
(850, 'ash850', 'w', 'e', 'r', 't', 1, 2),
(851, 'ash851', 'w', 'e', 'r', 't', 1, 2),
(852, 'ash852', 'w', 'e', 'r', 't', 1, 2),
(853, 'ash853', 'w', 'e', 'r', 't', 1, 2),
(854, 'ash854', 'w', 'e', 'r', 't', 1, 2),
(855, 'ash855', 'w', 'e', 'r', 't', 1, 2),
(856, 'ash856', 'w', 'e', 'r', 't', 1, 2),
(857, 'ash857', 'w', 'e', 'r', 't', 1, 2),
(858, 'ash858', 'w', 'e', 'r', 't', 1, 2),
(859, 'ash859', 'w', 'e', 'r', 't', 1, 2),
(860, 'ash860', 'w', 'e', 'r', 't', 1, 2),
(861, 'ash861', 'w', 'e', 'r', 't', 1, 2),
(862, 'ash862', 'w', 'e', 'r', 't', 1, 2),
(863, 'ash863', 'w', 'e', 'r', 't', 1, 2),
(864, 'ash864', 'w', 'e', 'r', 't', 1, 2),
(865, 'ash865', 'w', 'e', 'r', 't', 1, 2),
(866, 'ash866', 'w', 'e', 'r', 't', 1, 2),
(867, 'ash867', 'w', 'e', 'r', 't', 1, 2),
(868, 'ash868', 'w', 'e', 'r', 't', 1, 2),
(869, 'ash869', 'w', 'e', 'r', 't', 1, 2),
(870, 'ash870', 'w', 'e', 'r', 't', 1, 2),
(871, 'ash871', 'w', 'e', 'r', 't', 1, 2),
(872, 'ash872', 'w', 'e', 'r', 't', 1, 2),
(873, 'ash873', 'w', 'e', 'r', 't', 1, 2),
(874, 'ash874', 'w', 'e', 'r', 't', 1, 2),
(875, 'ash875', 'w', 'e', 'r', 't', 1, 2),
(876, 'ash876', 'w', 'e', 'r', 't', 1, 2),
(877, 'ash877', 'w', 'e', 'r', 't', 1, 2),
(878, 'ash878', 'w', 'e', 'r', 't', 1, 2),
(879, 'ash879', 'w', 'e', 'r', 't', 1, 2),
(880, 'ash880', 'w', 'e', 'r', 't', 1, 2),
(881, 'ash881', 'w', 'e', 'r', 't', 1, 2),
(882, 'ash882', 'w', 'e', 'r', 't', 1, 2),
(883, 'ash883', 'w', 'e', 'r', 't', 1, 2),
(884, 'ash884', 'w', 'e', 'r', 't', 1, 2),
(885, 'ash885', 'w', 'e', 'r', 't', 1, 2),
(886, 'ash886', 'w', 'e', 'r', 't', 1, 2),
(887, 'ash887', 'w', 'e', 'r', 't', 1, 2),
(888, 'ash888', 'w', 'e', 'r', 't', 1, 2),
(889, 'ash889', 'w', 'e', 'r', 't', 1, 2),
(890, 'ash890', 'w', 'e', 'r', 't', 1, 2),
(891, 'ash891', 'w', 'e', 'r', 't', 1, 2),
(892, 'ash892', 'w', 'e', 'r', 't', 1, 2),
(893, 'ash893', 'w', 'e', 'r', 't', 1, 2),
(894, 'ash894', 'w', 'e', 'r', 't', 1, 2),
(895, 'ash895', 'w', 'e', 'r', 't', 1, 2),
(896, 'ash896', 'w', 'e', 'r', 't', 1, 2),
(897, 'ash897', 'w', 'e', 'r', 't', 1, 2),
(898, 'ash898', 'w', 'e', 'r', 't', 1, 2),
(899, 'ash899', 'w', 'e', 'r', 't', 1, 2),
(900, 'ash900', 'w', 'e', 'r', 't', 1, 2),
(901, 'ash901', 'w', 'e', 'r', 't', 1, 2),
(902, 'ash902', 'w', 'e', 'r', 't', 1, 2),
(903, 'ash903', 'w', 'e', 'r', 't', 1, 2),
(904, 'ash904', 'w', 'e', 'r', 't', 1, 2),
(905, 'ash905', 'w', 'e', 'r', 't', 1, 2),
(906, 'ash906', 'w', 'e', 'r', 't', 1, 2),
(907, 'ash907', 'w', 'e', 'r', 't', 1, 2),
(908, 'ash908', 'w', 'e', 'r', 't', 1, 2),
(909, 'ash909', 'w', 'e', 'r', 't', 1, 2),
(910, 'ash910', 'w', 'e', 'r', 't', 1, 2),
(911, 'ash911', 'w', 'e', 'r', 't', 1, 2),
(912, 'ash912', 'w', 'e', 'r', 't', 1, 2),
(913, 'ash913', 'w', 'e', 'r', 't', 1, 2),
(914, 'ash914', 'w', 'e', 'r', 't', 1, 2),
(915, 'ash915', 'w', 'e', 'r', 't', 1, 2),
(916, 'ash916', 'w', 'e', 'r', 't', 1, 2),
(917, 'ash917', 'w', 'e', 'r', 't', 1, 2),
(918, 'ash918', 'w', 'e', 'r', 't', 1, 2),
(919, 'ash919', 'w', 'e', 'r', 't', 1, 2),
(920, 'ash920', 'w', 'e', 'r', 't', 1, 2),
(921, 'ash921', 'w', 'e', 'r', 't', 1, 2),
(922, 'ash922', 'w', 'e', 'r', 't', 1, 2),
(923, 'ash923', 'w', 'e', 'r', 't', 1, 2),
(924, 'ash924', 'w', 'e', 'r', 't', 1, 2),
(925, 'ash925', 'w', 'e', 'r', 't', 1, 2),
(926, 'ash926', 'w', 'e', 'r', 't', 1, 2),
(927, 'ash927', 'w', 'e', 'r', 't', 1, 2),
(928, 'ash928', 'w', 'e', 'r', 't', 1, 2),
(929, 'ash929', 'w', 'e', 'r', 't', 1, 2),
(930, 'ash930', 'w', 'e', 'r', 't', 1, 2),
(931, 'ash931', 'w', 'e', 'r', 't', 1, 2),
(932, 'ash932', 'w', 'e', 'r', 't', 1, 2),
(933, 'ash933', 'w', 'e', 'r', 't', 1, 2),
(934, 'ash934', 'w', 'e', 'r', 't', 1, 2),
(935, 'ash935', 'w', 'e', 'r', 't', 1, 2),
(936, 'ash936', 'w', 'e', 'r', 't', 1, 2),
(937, 'ash937', 'w', 'e', 'r', 't', 1, 2),
(938, 'ash938', 'w', 'e', 'r', 't', 1, 2),
(939, 'ash939', 'w', 'e', 'r', 't', 1, 2),
(940, 'ash940', 'w', 'e', 'r', 't', 1, 2),
(941, 'ash941', 'w', 'e', 'r', 't', 1, 2),
(942, 'ash942', 'w', 'e', 'r', 't', 1, 2),
(943, 'ash943', 'w', 'e', 'r', 't', 1, 2),
(944, 'ash944', 'w', 'e', 'r', 't', 1, 2),
(945, 'ash945', 'w', 'e', 'r', 't', 1, 2),
(946, 'ash946', 'w', 'e', 'r', 't', 1, 2),
(947, 'ash947', 'w', 'e', 'r', 't', 1, 2),
(948, 'ash948', 'w', 'e', 'r', 't', 1, 2),
(949, 'ash949', 'w', 'e', 'r', 't', 1, 2),
(950, 'ash950', 'w', 'e', 'r', 't', 1, 2),
(951, 'ash951', 'w', 'e', 'r', 't', 1, 2),
(952, 'ash952', 'w', 'e', 'r', 't', 1, 2),
(953, 'ash953', 'w', 'e', 'r', 't', 1, 2),
(954, 'ash954', 'w', 'e', 'r', 't', 1, 2),
(955, 'ash955', 'w', 'e', 'r', 't', 1, 2),
(956, 'ash956', 'w', 'e', 'r', 't', 1, 2),
(957, 'ash957', 'w', 'e', 'r', 't', 1, 2),
(958, 'ash958', 'w', 'e', 'r', 't', 1, 2),
(959, 'ash959', 'w', 'e', 'r', 't', 1, 2),
(960, 'ash960', 'w', 'e', 'r', 't', 1, 2),
(961, 'ash961', 'w', 'e', 'r', 't', 1, 2),
(962, 'ash962', 'w', 'e', 'r', 't', 1, 2),
(963, 'ash963', 'w', 'e', 'r', 't', 1, 2),
(964, 'ash964', 'w', 'e', 'r', 't', 1, 2),
(965, 'ash965', 'w', 'e', 'r', 't', 1, 2),
(966, 'ash966', 'w', 'e', 'r', 't', 1, 2),
(967, 'ash967', 'w', 'e', 'r', 't', 1, 2),
(968, 'ash968', 'w', 'e', 'r', 't', 1, 2),
(969, 'ash969', 'w', 'e', 'r', 't', 1, 2),
(970, 'ash970', 'w', 'e', 'r', 't', 1, 2),
(971, 'ash971', 'w', 'e', 'r', 't', 1, 2),
(972, 'ash972', 'w', 'e', 'r', 't', 1, 2),
(973, 'ash973', 'w', 'e', 'r', 't', 1, 2),
(974, 'ash974', 'w', 'e', 'r', 't', 1, 2),
(975, 'ash975', 'w', 'e', 'r', 't', 1, 2),
(976, 'ash976', 'w', 'e', 'r', 't', 1, 2),
(977, 'ash977', 'w', 'e', 'r', 't', 1, 2),
(978, 'ash978', 'w', 'e', 'r', 't', 1, 2),
(979, 'ash979', 'w', 'e', 'r', 't', 1, 2),
(980, 'ash980', 'w', 'e', 'r', 't', 1, 2),
(981, 'ash981', 'w', 'e', 'r', 't', 1, 2),
(982, 'ash982', 'w', 'e', 'r', 't', 1, 2),
(983, 'ash983', 'w', 'e', 'r', 't', 1, 2),
(984, 'ash984', 'w', 'e', 'r', 't', 1, 2),
(985, 'ash985', 'w', 'e', 'r', 't', 1, 2),
(986, 'ash986', 'w', 'e', 'r', 't', 1, 2),
(987, 'ash987', 'w', 'e', 'r', 't', 1, 2),
(988, 'ash988', 'w', 'e', 'r', 't', 1, 2),
(989, 'ash989', 'w', 'e', 'r', 't', 1, 2),
(990, 'ash990', 'w', 'e', 'r', 't', 1, 2),
(991, 'ash991', 'w', 'e', 'r', 't', 1, 2),
(992, 'ash992', 'w', 'e', 'r', 't', 1, 2),
(993, 'ash993', 'w', 'e', 'r', 't', 1, 2),
(994, 'ash994', 'w', 'e', 'r', 't', 1, 2),
(995, 'ash995', 'w', 'e', 'r', 't', 1, 2),
(996, 'ash996', 'w', 'e', 'r', 't', 1, 2),
(997, 'ash997', 'w', 'e', 'r', 't', 1, 2),
(998, 'ash998', 'w', 'e', 'r', 't', 1, 2),
(999, 'ash999', 'w', 'e', 'r', 't', 1, 2);

-- --------------------------------------------------------

--
-- Table structure for table `students`
--

CREATE TABLE IF NOT EXISTS `students` (
  `id_student` int(10) NOT NULL AUTO_INCREMENT,
  `name_student` varchar(200) NOT NULL,
  `dept` varchar(4) NOT NULL,
  `user_name` varchar(200) NOT NULL,
  `password` varchar(50) NOT NULL,
  PRIMARY KEY (`id_student`)
) ENGINE=InnoDB  DEFAULT CHARSET=utf8 AUTO_INCREMENT=2 ;

--
-- Dumping data for table `students`
--

INSERT INTO `students` (`id_student`, `name_student`, `dept`, `user_name`, `password`) VALUES
(1, 'ashraf atef', 'cs', 'ashraf-atef', '123456');

-- --------------------------------------------------------

--
-- Table structure for table `students_degrees`
--

CREATE TABLE IF NOT EXISTS `students_degrees` (
  `id_student` int(11) NOT NULL,
  `id_exam` int(11) NOT NULL,
  `mark` double NOT NULL,
  `date` date NOT NULL
) ENGINE=InnoDB DEFAULT CHARSET=utf8;

--
-- Dumping data for table `students_degrees`
--

INSERT INTO `students_degrees` (`id_student`, `id_exam`, `mark`, `date`) VALUES
(2, 1, 10, '2014-11-10'),
(2, 1, 10, '2014-11-10'),
(2, 1, 4, '2014-11-10'),
(2, 1, 0, '2014-11-17'),
(2, 1, 0, '2014-11-17'),
(2, 1, 0, '2014-11-17'),
(2, 1, 4, '2014-11-30'),
(2, 1, 0, '2014-12-04'),
(2, 1, 0, '2014-12-04'),
(2, 1, 0, '2014-12-04'),
(2, 1, 0, '2014-12-04'),
(2, 1, 0, '2014-12-04'),
(1, 1, 0, '2014-12-04'),
(1, 1, 6, '2014-12-06'),
(1, 1, 8, '2014-12-08'),
(1, 1, 10, '2014-12-28'),
(1, 1, 6, '2014-12-28');

-- --------------------------------------------------------

--
-- Table structure for table `tf_questions`
--

CREATE TABLE IF NOT EXISTS `tf_questions` (
  `id_question` int(11) NOT NULL,
  `question` varchar(500) NOT NULL,
  `answer` int(11) NOT NULL,
  `degree` double NOT NULL,
  PRIMARY KEY (`id_question`)
) ENGINE=InnoDB DEFAULT CHARSET=utf8;

--
-- Dumping data for table `tf_questions`
--

INSERT INTO `tf_questions` (`id_question`, `question`, `answer`, `degree`) VALUES
(0, 'lololo', 1, 2),
(1, 'are you harry ?', 1, 2),
(2, 'are you dad ?', 0, 2),
(3, 'ash3', 1, 2),
(4, 'ash4', 1, 2),
(5, 'ash5', 1, 2),
(6, 'ash6', 1, 2),
(7, 'ash7', 1, 2),
(8, 'ash8', 1, 2),
(9, 'ash9', 1, 2),
(10, 'ash10', 1, 2),
(11, 'ash11', 1, 2),
(12, 'ash12', 1, 2),
(13, 'ash13', 1, 2),
(14, 'ash14', 1, 2),
(15, 'ash15', 1, 2),
(16, 'ash16', 1, 2),
(17, 'ash17', 1, 2),
(18, 'ash18', 1, 2),
(19, 'ash19', 1, 2),
(20, 'ash20', 1, 2),
(21, 'ash21', 1, 2),
(22, 'ash22', 1, 2),
(23, 'ash23', 1, 2),
(24, 'ash24', 1, 2),
(25, 'ash25', 1, 2),
(26, 'ash26', 1, 2),
(27, 'ash27', 1, 2),
(28, 'ash28', 1, 2),
(29, 'ash29', 1, 2),
(30, 'ash30', 1, 2),
(31, 'ash31', 1, 2),
(32, 'ash32', 1, 2),
(33, 'ash33', 1, 2),
(34, 'ash34', 1, 2),
(35, 'ash35', 1, 2),
(36, 'ash36', 1, 2),
(37, 'ash37', 1, 2),
(38, 'ash38', 1, 2),
(39, 'ash39', 1, 2),
(40, 'ash40', 1, 2),
(41, 'ash41', 1, 2),
(42, 'ash42', 1, 2),
(43, 'ash43', 1, 2),
(44, 'ash44', 1, 2),
(45, 'ash45', 1, 2),
(46, 'ash46', 1, 2),
(47, 'ash47', 1, 2),
(48, 'ash48', 1, 2),
(49, 'ash49', 1, 2),
(50, 'ash50', 1, 2),
(51, 'ash51', 1, 2),
(52, 'ash52', 1, 2),
(53, 'ash53', 1, 2),
(54, 'ash54', 1, 2),
(55, 'ash55', 1, 2),
(56, 'ash56', 1, 2),
(57, 'ash57', 1, 2),
(58, 'ash58', 1, 2),
(59, 'ash59', 1, 2),
(60, 'ash60', 1, 2),
(61, 'ash61', 1, 2),
(62, 'ash62', 1, 2),
(63, 'ash63', 1, 2),
(64, 'ash64', 1, 2),
(65, 'ash65', 1, 2),
(66, 'ash66', 1, 2),
(67, 'ash67', 1, 2),
(68, 'ash68', 1, 2),
(69, 'ash69', 1, 2),
(70, 'ash70', 1, 2),
(71, 'ash71', 1, 2),
(72, 'ash72', 1, 2),
(73, 'ash73', 1, 2),
(74, 'ash74', 1, 2),
(75, 'ash75', 1, 2),
(76, 'ash76', 1, 2),
(77, 'ash77', 1, 2),
(78, 'ash78', 1, 2),
(79, 'ash79', 1, 2),
(80, 'ash80', 1, 2),
(81, 'ash81', 1, 2),
(82, 'ash82', 1, 2),
(83, 'ash83', 1, 2),
(84, 'ash84', 1, 2),
(85, 'ash85', 1, 2),
(86, 'ash86', 1, 2),
(87, 'ash87', 1, 2),
(88, 'ash88', 1, 2),
(89, 'ash89', 1, 2),
(90, 'ash90', 1, 2),
(91, 'ash91', 1, 2),
(92, 'ash92', 1, 2),
(93, 'ash93', 1, 2),
(94, 'ash94', 1, 2),
(95, 'ash95', 1, 2),
(96, 'ash96', 1, 2),
(97, 'ash97', 1, 2),
(98, 'ash98', 1, 2),
(99, 'ash99', 1, 2),
(100, 'ash100', 1, 2),
(101, 'ash101', 1, 2),
(102, 'ash102', 1, 2),
(103, 'ash103', 1, 2),
(104, 'ash104', 1, 2),
(105, 'ash105', 1, 2),
(106, 'ash106', 1, 2),
(107, 'ash107', 1, 2),
(108, 'ash108', 1, 2),
(109, 'ash109', 1, 2),
(110, 'ash110', 1, 2),
(111, 'ash111', 1, 2),
(112, 'ash112', 1, 2),
(113, 'ash113', 1, 2),
(114, 'ash114', 1, 2),
(115, 'ash115', 1, 2),
(116, 'ash116', 1, 2),
(117, 'ash117', 1, 2),
(118, 'ash118', 1, 2),
(119, 'ash119', 1, 2),
(120, 'ash120', 1, 2),
(121, 'ash121', 1, 2),
(122, 'ash122', 1, 2),
(123, 'ash123', 1, 2),
(124, 'ash124', 1, 2),
(125, 'ash125', 1, 2),
(126, 'ash126', 1, 2),
(127, 'ash127', 1, 2),
(128, 'ash128', 1, 2),
(129, 'ash129', 1, 2),
(130, 'ash130', 1, 2),
(131, 'ash131', 1, 2),
(132, 'ash132', 1, 2),
(133, 'ash133', 1, 2),
(134, 'ash134', 1, 2),
(135, 'ash135', 1, 2),
(136, 'ash136', 1, 2),
(137, 'ash137', 1, 2),
(138, 'ash138', 1, 2),
(139, 'ash139', 1, 2),
(140, 'ash140', 1, 2),
(141, 'ash141', 1, 2),
(142, 'ash142', 1, 2),
(143, 'ash143', 1, 2),
(144, 'ash144', 1, 2),
(145, 'ash145', 1, 2),
(146, 'ash146', 1, 2),
(147, 'ash147', 1, 2),
(148, 'ash148', 1, 2),
(149, 'ash149', 1, 2),
(150, 'ash150', 1, 2),
(151, 'ash151', 1, 2),
(152, 'ash152', 1, 2),
(153, 'ash153', 1, 2),
(154, 'ash154', 1, 2),
(155, 'ash155', 1, 2),
(156, 'ash156', 1, 2),
(157, 'ash157', 1, 2),
(158, 'ash158', 1, 2),
(159, 'ash159', 1, 2),
(160, 'ash160', 1, 2),
(161, 'ash161', 1, 2),
(162, 'ash162', 1, 2),
(163, 'ash163', 1, 2),
(164, 'ash164', 1, 2),
(165, 'ash165', 1, 2),
(166, 'ash166', 1, 2),
(167, 'ash167', 1, 2),
(168, 'ash168', 1, 2),
(169, 'ash169', 1, 2),
(170, 'ash170', 1, 2),
(171, 'ash171', 1, 2),
(172, 'ash172', 1, 2),
(173, 'ash173', 1, 2),
(174, 'ash174', 1, 2),
(175, 'ash175', 1, 2),
(176, 'ash176', 1, 2),
(177, 'ash177', 1, 2),
(178, 'ash178', 1, 2),
(179, 'ash179', 1, 2),
(180, 'ash180', 1, 2),
(181, 'ash181', 1, 2),
(182, 'ash182', 1, 2),
(183, 'ash183', 1, 2),
(184, 'ash184', 1, 2),
(185, 'ash185', 1, 2),
(186, 'ash186', 1, 2),
(187, 'ash187', 1, 2),
(188, 'ash188', 1, 2),
(189, 'ash189', 1, 2),
(190, 'ash190', 1, 2),
(191, 'ash191', 1, 2),
(192, 'ash192', 1, 2),
(193, 'ash193', 1, 2),
(194, 'ash194', 1, 2),
(195, 'ash195', 1, 2),
(196, 'ash196', 1, 2),
(197, 'ash197', 1, 2),
(198, 'ash198', 1, 2),
(199, 'ash199', 1, 2),
(200, 'ash200', 1, 2),
(201, 'ash201', 1, 2),
(202, 'ash202', 1, 2),
(203, 'ash203', 1, 2),
(204, 'ash204', 1, 2),
(205, 'ash205', 1, 2),
(206, 'ash206', 1, 2),
(207, 'ash207', 1, 2),
(208, 'ash208', 1, 2),
(209, 'ash209', 1, 2),
(210, 'ash210', 1, 2),
(211, 'ash211', 1, 2),
(212, 'ash212', 1, 2),
(213, 'ash213', 1, 2),
(214, 'ash214', 1, 2),
(215, 'ash215', 1, 2),
(216, 'ash216', 1, 2),
(217, 'ash217', 1, 2),
(218, 'ash218', 1, 2),
(219, 'ash219', 1, 2),
(220, 'ash220', 1, 2),
(221, 'ash221', 1, 2),
(222, 'ash222', 1, 2),
(223, 'ash223', 1, 2),
(224, 'ash224', 1, 2),
(225, 'ash225', 1, 2),
(226, 'ash226', 1, 2),
(227, 'ash227', 1, 2),
(228, 'ash228', 1, 2),
(229, 'ash229', 1, 2),
(230, 'ash230', 1, 2),
(231, 'ash231', 1, 2),
(232, 'ash232', 1, 2),
(233, 'ash233', 1, 2),
(234, 'ash234', 1, 2),
(235, 'ash235', 1, 2),
(236, 'ash236', 1, 2),
(237, 'ash237', 1, 2),
(238, 'ash238', 1, 2),
(239, 'ash239', 1, 2),
(240, 'ash240', 1, 2),
(241, 'ash241', 1, 2),
(242, 'ash242', 1, 2),
(243, 'ash243', 1, 2),
(244, 'ash244', 1, 2),
(245, 'ash245', 1, 2),
(246, 'ash246', 1, 2),
(247, 'ash247', 1, 2),
(248, 'ash248', 1, 2),
(249, 'ash249', 1, 2),
(250, 'ash250', 1, 2),
(251, 'ash251', 1, 2),
(252, 'ash252', 1, 2),
(253, 'ash253', 1, 2),
(254, 'ash254', 1, 2),
(255, 'ash255', 1, 2),
(256, 'ash256', 1, 2),
(257, 'ash257', 1, 2),
(258, 'ash258', 1, 2),
(259, 'ash259', 1, 2),
(260, 'ash260', 1, 2),
(261, 'ash261', 1, 2),
(262, 'ash262', 1, 2),
(263, 'ash263', 1, 2),
(264, 'ash264', 1, 2),
(265, 'ash265', 1, 2),
(266, 'ash266', 1, 2),
(267, 'ash267', 1, 2),
(268, 'ash268', 1, 2),
(269, 'ash269', 1, 2),
(270, 'ash270', 1, 2),
(271, 'ash271', 1, 2),
(272, 'ash272', 1, 2),
(273, 'ash273', 1, 2),
(274, 'ash274', 1, 2),
(275, 'ash275', 1, 2),
(276, 'ash276', 1, 2),
(277, 'ash277', 1, 2),
(278, 'ash278', 1, 2),
(279, 'ash279', 1, 2),
(280, 'ash280', 1, 2),
(281, 'ash281', 1, 2),
(282, 'ash282', 1, 2),
(283, 'ash283', 1, 2),
(284, 'ash284', 1, 2),
(285, 'ash285', 1, 2),
(286, 'ash286', 1, 2),
(287, 'ash287', 1, 2),
(288, 'ash288', 1, 2),
(289, 'ash289', 1, 2),
(290, 'ash290', 1, 2),
(291, 'ash291', 1, 2),
(292, 'ash292', 1, 2),
(293, 'ash293', 1, 2),
(294, 'ash294', 1, 2),
(295, 'ash295', 1, 2),
(296, 'ash296', 1, 2),
(297, 'ash297', 1, 2),
(298, 'ash298', 1, 2),
(299, 'ash299', 1, 2),
(300, 'ash300', 1, 2),
(301, 'ash301', 1, 2),
(302, 'ash302', 1, 2),
(303, 'ash303', 1, 2),
(304, 'ash304', 1, 2),
(305, 'ash305', 1, 2),
(306, 'ash306', 1, 2),
(307, 'ash307', 1, 2),
(308, 'ash308', 1, 2),
(309, 'ash309', 1, 2),
(310, 'ash310', 1, 2),
(311, 'ash311', 1, 2),
(312, 'ash312', 1, 2),
(313, 'ash313', 1, 2),
(314, 'ash314', 1, 2),
(315, 'ash315', 1, 2),
(316, 'ash316', 1, 2),
(317, 'ash317', 1, 2),
(318, 'ash318', 1, 2),
(319, 'ash319', 1, 2),
(320, 'ash320', 1, 2),
(321, 'ash321', 1, 2),
(322, 'ash322', 1, 2),
(323, 'ash323', 1, 2),
(324, 'ash324', 1, 2),
(325, 'ash325', 1, 2),
(326, 'ash326', 1, 2),
(327, 'ash327', 1, 2),
(328, 'ash328', 1, 2),
(329, 'ash329', 1, 2),
(330, 'ash330', 1, 2),
(331, 'ash331', 1, 2),
(332, 'ash332', 1, 2),
(333, 'ash333', 1, 2),
(334, 'ash334', 1, 2),
(335, 'ash335', 1, 2),
(336, 'ash336', 1, 2),
(337, 'ash337', 1, 2),
(338, 'ash338', 1, 2),
(339, 'ash339', 1, 2),
(340, 'ash340', 1, 2),
(341, 'ash341', 1, 2),
(342, 'ash342', 1, 2),
(343, 'ash343', 1, 2),
(344, 'ash344', 1, 2),
(345, 'ash345', 1, 2),
(346, 'ash346', 1, 2),
(347, 'ash347', 1, 2),
(348, 'ash348', 1, 2),
(349, 'ash349', 1, 2),
(350, 'ash350', 1, 2),
(351, 'ash351', 1, 2),
(352, 'ash352', 1, 2),
(353, 'ash353', 1, 2),
(354, 'ash354', 1, 2),
(355, 'ash355', 1, 2),
(356, 'ash356', 1, 2),
(357, 'ash357', 1, 2),
(358, 'ash358', 1, 2),
(359, 'ash359', 1, 2),
(360, 'ash360', 1, 2),
(361, 'ash361', 1, 2),
(362, 'ash362', 1, 2),
(363, 'ash363', 1, 2),
(364, 'ash364', 1, 2),
(365, 'ash365', 1, 2),
(366, 'ash366', 1, 2),
(367, 'ash367', 1, 2),
(368, 'ash368', 1, 2),
(369, 'ash369', 1, 2),
(370, 'ash370', 1, 2),
(371, 'ash371', 1, 2),
(372, 'ash372', 1, 2),
(373, 'ash373', 1, 2),
(374, 'ash374', 1, 2),
(375, 'ash375', 1, 2),
(376, 'ash376', 1, 2),
(377, 'ash377', 1, 2),
(378, 'ash378', 1, 2),
(379, 'ash379', 1, 2),
(380, 'ash380', 1, 2),
(381, 'ash381', 1, 2),
(382, 'ash382', 1, 2),
(383, 'ash383', 1, 2),
(384, 'ash384', 1, 2),
(385, 'ash385', 1, 2),
(386, 'ash386', 1, 2),
(387, 'ash387', 1, 2),
(388, 'ash388', 1, 2),
(389, 'ash389', 1, 2),
(390, 'ash390', 1, 2),
(391, 'ash391', 1, 2),
(392, 'ash392', 1, 2),
(393, 'ash393', 1, 2),
(394, 'ash394', 1, 2),
(395, 'ash395', 1, 2),
(396, 'ash396', 1, 2),
(397, 'ash397', 1, 2),
(398, 'ash398', 1, 2),
(399, 'ash399', 1, 2),
(400, 'ash400', 1, 2),
(401, 'ash401', 1, 2),
(402, 'ash402', 1, 2),
(403, 'ash403', 1, 2),
(404, 'ash404', 1, 2),
(405, 'ash405', 1, 2),
(406, 'ash406', 1, 2),
(407, 'ash407', 1, 2),
(408, 'ash408', 1, 2),
(409, 'ash409', 1, 2),
(410, 'ash410', 1, 2),
(411, 'ash411', 1, 2),
(412, 'ash412', 1, 2),
(413, 'ash413', 1, 2),
(414, 'ash414', 1, 2),
(415, 'ash415', 1, 2),
(416, 'ash416', 1, 2),
(417, 'ash417', 1, 2),
(418, 'ash418', 1, 2),
(419, 'ash419', 1, 2),
(420, 'ash420', 1, 2),
(421, 'ash421', 1, 2),
(422, 'ash422', 1, 2),
(423, 'ash423', 1, 2),
(424, 'ash424', 1, 2),
(425, 'ash425', 1, 2),
(426, 'ash426', 1, 2),
(427, 'ash427', 1, 2),
(428, 'ash428', 1, 2),
(429, 'ash429', 1, 2),
(430, 'ash430', 1, 2),
(431, 'ash431', 1, 2),
(432, 'ash432', 1, 2),
(433, 'ash433', 1, 2),
(434, 'ash434', 1, 2),
(435, 'ash435', 1, 2),
(436, 'ash436', 1, 2),
(437, 'ash437', 1, 2),
(438, 'ash438', 1, 2),
(439, 'ash439', 1, 2),
(440, 'ash440', 1, 2),
(441, 'ash441', 1, 2),
(442, 'ash442', 1, 2),
(443, 'ash443', 1, 2),
(444, 'ash444', 1, 2),
(445, 'ash445', 1, 2),
(446, 'ash446', 1, 2),
(447, 'ash447', 1, 2),
(448, 'ash448', 1, 2),
(449, 'ash449', 1, 2),
(450, 'ash450', 1, 2),
(451, 'ash451', 1, 2),
(452, 'ash452', 1, 2),
(453, 'ash453', 1, 2),
(454, 'ash454', 1, 2),
(455, 'ash455', 1, 2),
(456, 'ash456', 1, 2),
(457, 'ash457', 1, 2),
(458, 'ash458', 1, 2),
(459, 'ash459', 1, 2),
(460, 'ash460', 1, 2),
(461, 'ash461', 1, 2),
(462, 'ash462', 1, 2),
(463, 'ash463', 1, 2),
(464, 'ash464', 1, 2),
(465, 'ash465', 1, 2),
(466, 'ash466', 1, 2),
(467, 'ash467', 1, 2),
(468, 'ash468', 1, 2),
(469, 'ash469', 1, 2),
(470, 'ash470', 1, 2),
(471, 'ash471', 1, 2),
(472, 'ash472', 1, 2),
(473, 'ash473', 1, 2),
(474, 'ash474', 1, 2),
(475, 'ash475', 1, 2),
(476, 'ash476', 1, 2),
(477, 'ash477', 1, 2),
(478, 'ash478', 1, 2),
(479, 'ash479', 1, 2),
(480, 'ash480', 1, 2),
(481, 'ash481', 1, 2),
(482, 'ash482', 1, 2),
(483, 'ash483', 1, 2),
(484, 'ash484', 1, 2),
(485, 'ash485', 1, 2),
(486, 'ash486', 1, 2),
(487, 'ash487', 1, 2),
(488, 'ash488', 1, 2),
(489, 'ash489', 1, 2),
(490, 'ash490', 1, 2),
(491, 'ash491', 1, 2),
(492, 'ash492', 1, 2),
(493, 'ash493', 1, 2),
(494, 'ash494', 1, 2),
(495, 'ash495', 1, 2),
(496, 'ash496', 1, 2),
(497, 'ash497', 1, 2),
(498, 'ash498', 1, 2),
(499, 'ash499', 1, 2),
(500, 'ash500', 1, 2),
(501, 'ash501', 1, 2),
(502, 'ash502', 1, 2),
(503, 'ash503', 1, 2),
(504, 'ash504', 1, 2),
(505, 'ash505', 1, 2),
(506, 'ash506', 1, 2),
(507, 'ash507', 1, 2),
(508, 'ash508', 1, 2),
(509, 'ash509', 1, 2),
(510, 'ash510', 1, 2),
(511, 'ash511', 1, 2),
(512, 'ash512', 1, 2),
(513, 'ash513', 1, 2),
(514, 'ash514', 1, 2),
(515, 'ash515', 1, 2),
(516, 'ash516', 1, 2),
(517, 'ash517', 1, 2),
(518, 'ash518', 1, 2),
(519, 'ash519', 1, 2),
(520, 'ash520', 1, 2),
(521, 'ash521', 1, 2),
(522, 'ash522', 1, 2),
(523, 'ash523', 1, 2),
(524, 'ash524', 1, 2),
(525, 'ash525', 1, 2),
(526, 'ash526', 1, 2),
(527, 'ash527', 1, 2),
(528, 'ash528', 1, 2),
(529, 'ash529', 1, 2),
(530, 'ash530', 1, 2),
(531, 'ash531', 1, 2),
(532, 'ash532', 1, 2),
(533, 'ash533', 1, 2),
(534, 'ash534', 1, 2),
(535, 'ash535', 1, 2),
(536, 'ash536', 1, 2),
(537, 'ash537', 1, 2),
(538, 'ash538', 1, 2),
(539, 'ash539', 1, 2),
(540, 'ash540', 1, 2),
(541, 'ash541', 1, 2),
(542, 'ash542', 1, 2),
(543, 'ash543', 1, 2),
(544, 'ash544', 1, 2),
(545, 'ash545', 1, 2),
(546, 'ash546', 1, 2),
(547, 'ash547', 1, 2),
(548, 'ash548', 1, 2),
(549, 'ash549', 1, 2),
(550, 'ash550', 1, 2),
(551, 'ash551', 1, 2),
(552, 'ash552', 1, 2),
(553, 'ash553', 1, 2),
(554, 'ash554', 1, 2),
(555, 'ash555', 1, 2),
(556, 'ash556', 1, 2),
(557, 'ash557', 1, 2),
(558, 'ash558', 1, 2),
(559, 'ash559', 1, 2),
(560, 'ash560', 1, 2),
(561, 'ash561', 1, 2),
(562, 'ash562', 1, 2),
(563, 'ash563', 1, 2),
(564, 'ash564', 1, 2),
(565, 'ash565', 1, 2),
(566, 'ash566', 1, 2),
(567, 'ash567', 1, 2),
(568, 'ash568', 1, 2),
(569, 'ash569', 1, 2),
(570, 'ash570', 1, 2),
(571, 'ash571', 1, 2),
(572, 'ash572', 1, 2),
(573, 'ash573', 1, 2),
(574, 'ash574', 1, 2),
(575, 'ash575', 1, 2),
(576, 'ash576', 1, 2),
(577, 'ash577', 1, 2),
(578, 'ash578', 1, 2),
(579, 'ash579', 1, 2),
(580, 'ash580', 1, 2),
(581, 'ash581', 1, 2),
(582, 'ash582', 1, 2),
(583, 'ash583', 1, 2),
(584, 'ash584', 1, 2),
(585, 'ash585', 1, 2),
(586, 'ash586', 1, 2),
(587, 'ash587', 1, 2),
(588, 'ash588', 1, 2),
(589, 'ash589', 1, 2),
(590, 'ash590', 1, 2),
(591, 'ash591', 1, 2),
(592, 'ash592', 1, 2),
(593, 'ash593', 1, 2),
(594, 'ash594', 1, 2),
(595, 'ash595', 1, 2),
(596, 'ash596', 1, 2),
(597, 'ash597', 1, 2),
(598, 'ash598', 1, 2),
(599, 'ash599', 1, 2),
(600, 'ash600', 1, 2),
(601, 'ash601', 1, 2),
(602, 'ash602', 1, 2),
(603, 'ash603', 1, 2),
(604, 'ash604', 1, 2),
(605, 'ash605', 1, 2),
(606, 'ash606', 1, 2),
(607, 'ash607', 1, 2),
(608, 'ash608', 1, 2),
(609, 'ash609', 1, 2),
(610, 'ash610', 1, 2),
(611, 'ash611', 1, 2),
(612, 'ash612', 1, 2),
(613, 'ash613', 1, 2),
(614, 'ash614', 1, 2),
(615, 'ash615', 1, 2),
(616, 'ash616', 1, 2),
(617, 'ash617', 1, 2),
(618, 'ash618', 1, 2),
(619, 'ash619', 1, 2),
(620, 'ash620', 1, 2),
(621, 'ash621', 1, 2),
(622, 'ash622', 1, 2),
(623, 'ash623', 1, 2),
(624, 'ash624', 1, 2),
(625, 'ash625', 1, 2),
(626, 'ash626', 1, 2),
(627, 'ash627', 1, 2),
(628, 'ash628', 1, 2),
(629, 'ash629', 1, 2),
(630, 'ash630', 1, 2),
(631, 'ash631', 1, 2),
(632, 'ash632', 1, 2),
(633, 'ash633', 1, 2),
(634, 'ash634', 1, 2),
(635, 'ash635', 1, 2),
(636, 'ash636', 1, 2),
(637, 'ash637', 1, 2),
(638, 'ash638', 1, 2),
(639, 'ash639', 1, 2),
(640, 'ash640', 1, 2),
(641, 'ash641', 1, 2),
(642, 'ash642', 1, 2),
(643, 'ash643', 1, 2),
(644, 'ash644', 1, 2),
(645, 'ash645', 1, 2),
(646, 'ash646', 1, 2),
(647, 'ash647', 1, 2),
(648, 'ash648', 1, 2),
(649, 'ash649', 1, 2),
(650, 'ash650', 1, 2),
(651, 'ash651', 1, 2),
(652, 'ash652', 1, 2),
(653, 'ash653', 1, 2),
(654, 'ash654', 1, 2),
(655, 'ash655', 1, 2),
(656, 'ash656', 1, 2),
(657, 'ash657', 1, 2),
(658, 'ash658', 1, 2),
(659, 'ash659', 1, 2),
(660, 'ash660', 1, 2),
(661, 'ash661', 1, 2),
(662, 'ash662', 1, 2),
(663, 'ash663', 1, 2),
(664, 'ash664', 1, 2),
(665, 'ash665', 1, 2),
(666, 'ash666', 1, 2),
(667, 'ash667', 1, 2),
(668, 'ash668', 1, 2),
(669, 'ash669', 1, 2),
(670, 'ash670', 1, 2),
(671, 'ash671', 1, 2),
(672, 'ash672', 1, 2),
(673, 'ash673', 1, 2),
(674, 'ash674', 1, 2),
(675, 'ash675', 1, 2),
(676, 'ash676', 1, 2),
(677, 'ash677', 1, 2),
(678, 'ash678', 1, 2),
(679, 'ash679', 1, 2),
(680, 'ash680', 1, 2),
(681, 'ash681', 1, 2),
(682, 'ash682', 1, 2),
(683, 'ash683', 1, 2),
(684, 'ash684', 1, 2),
(685, 'ash685', 1, 2),
(686, 'ash686', 1, 2),
(687, 'ash687', 1, 2),
(688, 'ash688', 1, 2),
(689, 'ash689', 1, 2),
(690, 'ash690', 1, 2),
(691, 'ash691', 1, 2),
(692, 'ash692', 1, 2),
(693, 'ash693', 1, 2),
(694, 'ash694', 1, 2),
(695, 'ash695', 1, 2),
(696, 'ash696', 1, 2),
(697, 'ash697', 1, 2),
(698, 'ash698', 1, 2),
(699, 'ash699', 1, 2),
(700, 'ash700', 1, 2),
(701, 'ash701', 1, 2),
(702, 'ash702', 1, 2),
(703, 'ash703', 1, 2),
(704, 'ash704', 1, 2),
(705, 'ash705', 1, 2),
(706, 'ash706', 1, 2),
(707, 'ash707', 1, 2),
(708, 'ash708', 1, 2),
(709, 'ash709', 1, 2),
(710, 'ash710', 1, 2),
(711, 'ash711', 1, 2),
(712, 'ash712', 1, 2),
(713, 'ash713', 1, 2),
(714, 'ash714', 1, 2),
(715, 'ash715', 1, 2),
(716, 'ash716', 1, 2),
(717, 'ash717', 1, 2),
(718, 'ash718', 1, 2),
(719, 'ash719', 1, 2),
(720, 'ash720', 1, 2),
(721, 'ash721', 1, 2),
(722, 'ash722', 1, 2),
(723, 'ash723', 1, 2),
(724, 'ash724', 1, 2),
(725, 'ash725', 1, 2),
(726, 'ash726', 1, 2),
(727, 'ash727', 1, 2),
(728, 'ash728', 1, 2),
(729, 'ash729', 1, 2),
(730, 'ash730', 1, 2),
(731, 'ash731', 1, 2),
(732, 'ash732', 1, 2),
(733, 'ash733', 1, 2),
(734, 'ash734', 1, 2),
(735, 'ash735', 1, 2),
(736, 'ash736', 1, 2),
(737, 'ash737', 1, 2),
(738, 'ash738', 1, 2),
(739, 'ash739', 1, 2),
(740, 'ash740', 1, 2),
(741, 'ash741', 1, 2),
(742, 'ash742', 1, 2),
(743, 'ash743', 1, 2),
(744, 'ash744', 1, 2),
(745, 'ash745', 1, 2),
(746, 'ash746', 1, 2),
(747, 'ash747', 1, 2),
(748, 'ash748', 1, 2),
(749, 'ash749', 1, 2),
(750, 'ash750', 1, 2),
(751, 'ash751', 1, 2),
(752, 'ash752', 1, 2),
(753, 'ash753', 1, 2),
(754, 'ash754', 1, 2),
(755, 'ash755', 1, 2),
(756, 'ash756', 1, 2),
(757, 'ash757', 1, 2),
(758, 'ash758', 1, 2),
(759, 'ash759', 1, 2),
(760, 'ash760', 1, 2),
(761, 'ash761', 1, 2),
(762, 'ash762', 1, 2),
(763, 'ash763', 1, 2),
(764, 'ash764', 1, 2),
(765, 'ash765', 1, 2),
(766, 'ash766', 1, 2),
(767, 'ash767', 1, 2),
(768, 'ash768', 1, 2),
(769, 'ash769', 1, 2),
(770, 'ash770', 1, 2),
(771, 'ash771', 1, 2),
(772, 'ash772', 1, 2),
(773, 'ash773', 1, 2),
(774, 'ash774', 1, 2),
(775, 'ash775', 1, 2),
(776, 'ash776', 1, 2),
(777, 'ash777', 1, 2),
(778, 'ash778', 1, 2),
(779, 'ash779', 1, 2),
(780, 'ash780', 1, 2),
(781, 'ash781', 1, 2),
(782, 'ash782', 1, 2),
(783, 'ash783', 1, 2),
(784, 'ash784', 1, 2),
(785, 'ash785', 1, 2),
(786, 'ash786', 1, 2),
(787, 'ash787', 1, 2),
(788, 'ash788', 1, 2),
(789, 'ash789', 1, 2),
(790, 'ash790', 1, 2),
(791, 'ash791', 1, 2),
(792, 'ash792', 1, 2),
(793, 'ash793', 1, 2),
(794, 'ash794', 1, 2),
(795, 'ash795', 1, 2),
(796, 'ash796', 1, 2),
(797, 'ash797', 1, 2),
(798, 'ash798', 1, 2),
(799, 'ash799', 1, 2),
(800, 'ash800', 1, 2),
(801, 'ash801', 1, 2),
(802, 'ash802', 1, 2),
(803, 'ash803', 1, 2),
(804, 'ash804', 1, 2),
(805, 'ash805', 1, 2),
(806, 'ash806', 1, 2),
(807, 'ash807', 1, 2),
(808, 'ash808', 1, 2),
(809, 'ash809', 1, 2),
(810, 'ash810', 1, 2),
(811, 'ash811', 1, 2),
(812, 'ash812', 1, 2),
(813, 'ash813', 1, 2),
(814, 'ash814', 1, 2),
(815, 'ash815', 1, 2),
(816, 'ash816', 1, 2),
(817, 'ash817', 1, 2),
(818, 'ash818', 1, 2),
(819, 'ash819', 1, 2),
(820, 'ash820', 1, 2),
(821, 'ash821', 1, 2),
(822, 'ash822', 1, 2),
(823, 'ash823', 1, 2),
(824, 'ash824', 1, 2),
(825, 'ash825', 1, 2),
(826, 'ash826', 1, 2),
(827, 'ash827', 1, 2),
(828, 'ash828', 1, 2),
(829, 'ash829', 1, 2),
(830, 'ash830', 1, 2),
(831, 'ash831', 1, 2),
(832, 'ash832', 1, 2),
(833, 'ash833', 1, 2),
(834, 'ash834', 1, 2),
(835, 'ash835', 1, 2),
(836, 'ash836', 1, 2),
(837, 'ash837', 1, 2),
(838, 'ash838', 1, 2),
(839, 'ash839', 1, 2),
(840, 'ash840', 1, 2),
(841, 'ash841', 1, 2),
(842, 'ash842', 1, 2),
(843, 'ash843', 1, 2),
(844, 'ash844', 1, 2),
(845, 'ash845', 1, 2),
(846, 'ash846', 1, 2),
(847, 'ash847', 1, 2),
(848, 'ash848', 1, 2),
(849, 'ash849', 1, 2),
(850, 'ash850', 1, 2),
(851, 'ash851', 1, 2),
(852, 'ash852', 1, 2),
(853, 'ash853', 1, 2),
(854, 'ash854', 1, 2),
(855, 'ash855', 1, 2),
(856, 'ash856', 1, 2),
(857, 'ash857', 1, 2),
(858, 'ash858', 1, 2),
(859, 'ash859', 1, 2),
(860, 'ash860', 1, 2),
(861, 'ash861', 1, 2),
(862, 'ash862', 1, 2),
(863, 'ash863', 1, 2),
(864, 'ash864', 1, 2),
(865, 'ash865', 1, 2),
(866, 'ash866', 1, 2),
(867, 'ash867', 1, 2),
(868, 'ash868', 1, 2),
(869, 'ash869', 1, 2),
(870, 'ash870', 1, 2),
(871, 'ash871', 1, 2),
(872, 'ash872', 1, 2),
(873, 'ash873', 1, 2),
(874, 'ash874', 1, 2),
(875, 'ash875', 1, 2),
(876, 'ash876', 1, 2),
(877, 'ash877', 1, 2),
(878, 'ash878', 1, 2),
(879, 'ash879', 1, 2),
(880, 'ash880', 1, 2),
(881, 'ash881', 1, 2),
(882, 'ash882', 1, 2),
(883, 'ash883', 1, 2),
(884, 'ash884', 1, 2),
(885, 'ash885', 1, 2),
(886, 'ash886', 1, 2),
(887, 'ash887', 1, 2),
(888, 'ash888', 1, 2),
(889, 'ash889', 1, 2),
(890, 'ash890', 1, 2),
(891, 'ash891', 1, 2),
(892, 'ash892', 1, 2),
(893, 'ash893', 1, 2),
(894, 'ash894', 1, 2),
(895, 'ash895', 1, 2),
(896, 'ash896', 1, 2),
(897, 'ash897', 1, 2),
(898, 'ash898', 1, 2),
(899, 'ash899', 1, 2),
(900, 'ash900', 1, 2),
(901, 'ash901', 1, 2),
(902, 'ash902', 1, 2),
(903, 'ash903', 1, 2),
(904, 'ash904', 1, 2),
(905, 'ash905', 1, 2),
(906, 'ash906', 1, 2),
(907, 'ash907', 1, 2),
(908, 'ash908', 1, 2),
(909, 'ash909', 1, 2),
(910, 'ash910', 1, 2),
(911, 'ash911', 1, 2),
(912, 'ash912', 1, 2),
(913, 'ash913', 1, 2),
(914, 'ash914', 1, 2),
(915, 'ash915', 1, 2),
(916, 'ash916', 1, 2),
(917, 'ash917', 1, 2),
(918, 'ash918', 1, 2),
(919, 'ash919', 1, 2),
(920, 'ash920', 1, 2),
(921, 'ash921', 1, 2),
(922, 'ash922', 1, 2),
(923, 'ash923', 1, 2),
(924, 'ash924', 1, 2),
(925, 'ash925', 1, 2),
(926, 'ash926', 1, 2),
(927, 'ash927', 1, 2),
(928, 'ash928', 1, 2),
(929, 'ash929', 1, 2),
(930, 'ash930', 1, 2),
(931, 'ash931', 1, 2),
(932, 'ash932', 1, 2),
(933, 'ash933', 1, 2),
(934, 'ash934', 1, 2),
(935, 'ash935', 1, 2),
(936, 'ash936', 1, 2),
(937, 'ash937', 1, 2),
(938, 'ash938', 1, 2),
(939, 'ash939', 1, 2),
(940, 'ash940', 1, 2),
(941, 'ash941', 1, 2),
(942, 'ash942', 1, 2),
(943, 'ash943', 1, 2),
(944, 'ash944', 1, 2),
(945, 'ash945', 1, 2),
(946, 'ash946', 1, 2),
(947, 'ash947', 1, 2),
(948, 'ash948', 1, 2),
(949, 'ash949', 1, 2),
(950, 'ash950', 1, 2),
(951, 'ash951', 1, 2),
(952, 'ash952', 1, 2),
(953, 'ash953', 1, 2),
(954, 'ash954', 1, 2),
(955, 'ash955', 1, 2),
(956, 'ash956', 1, 2),
(957, 'ash957', 1, 2),
(958, 'ash958', 1, 2),
(959, 'ash959', 1, 2),
(960, 'ash960', 1, 2),
(961, 'ash961', 1, 2),
(962, 'ash962', 1, 2),
(963, 'ash963', 1, 2),
(964, 'ash964', 1, 2),
(965, 'ash965', 1, 2),
(966, 'ash966', 1, 2),
(967, 'ash967', 1, 2),
(968, 'ash968', 1, 2),
(969, 'ash969', 1, 2),
(970, 'ash970', 1, 2),
(971, 'ash971', 1, 2),
(972, 'ash972', 1, 2),
(973, 'ash973', 1, 2),
(974, 'ash974', 1, 2),
(975, 'ash975', 1, 2),
(976, 'ash976', 1, 2),
(977, 'ash977', 1, 2),
(978, 'ash978', 1, 2),
(979, 'ash979', 1, 2),
(980, 'ash980', 1, 2),
(981, 'ash981', 1, 2),
(982, 'ash982', 1, 2),
(983, 'ash983', 1, 2),
(984, 'ash984', 1, 2),
(985, 'ash985', 1, 2),
(986, 'ash986', 1, 2),
(987, 'ash987', 1, 2),
(988, 'ash988', 1, 2),
(989, 'ash989', 1, 2),
(990, 'ash990', 1, 2),
(991, 'ash991', 1, 2),
(992, 'ash992', 1, 2),
(993, 'ash993', 1, 2),
(994, 'ash994', 1, 2),
(995, 'ash995', 1, 2),
(996, 'ash996', 1, 2),
(997, 'ash997', 1, 2),
(998, 'ash998', 1, 2),
(999, 'ash999', 1, 2);

/*!40101 SET CHARACTER_SET_CLIENT=@OLD_CHARACTER_SET_CLIENT */;
/*!40101 SET CHARACTER_SET_RESULTS=@OLD_CHARACTER_SET_RESULTS */;
/*!40101 SET COLLATION_CONNECTION=@OLD_COLLATION_CONNECTION */;
